,0
0,ya
1,anjir
2,cpt
3,bgt
4,abis
5,barang
6,manusia
7,diskon
8,lazada
9,terbesar
10,jam
11,selama
12,kalo
13,liat
14,promo
15,%
16,dalem
17,hati
18,langsung
19,bilang
20,ini
21,jadi
22,gratis
23,dong
24,itu
25,tandanya
26,anda
27,masih
28,miskin
29,apa
30,bedanya
31,matahari
32,sama
33,bulan
34,ada
35,gak
36,yhaaa
37,krikkrik
38,bagaimana
39,cara
40,tukar
41,mileage
42,garudamiles
43,year_end
44,festival
45,nahiya
46,benerrr
47,hahahaha
48,makan
49,cantik
50,kena
51,gapapa
52,deh
53,rela
54,makin
55,lama
56,yang
57,pentinf
58,fak
59,gmarket
60,kenapa
61,nya
62,sekarang
63,sih
64,sejarah
65,asia
66,tenggara
67,karya
68,m
69,c
70,ricklefs
71,rp
72,order
73,atau
74,wa
75,komunitas
76,bambu
77,jl
78,taufiqurrahman
79,no
80,beji
81,timur
82,depok
83,buka
84,senin
85,jumat
86,pukul
87,wib
88,transmart
89,kuburaya
90,kapan
91,lagi
92,ngopi
93,di
94,mall
95,carrefour
96,kubu
97,raya
98,tah
99,cenah
100,yuk
101,diserbu
102,rika
103,wis
104,inden
105,mobil
106,esemka
107,nek
108,arp
109,tuku
110,gagian
111,mumpung
112,sebenarnya
113,bahagia
114,sederhana
115,beli
116,kebeli
117,onlen
118,shop
119,flashsale
120,abang
121,telor
122,gulung
123,minimal
124,rebu
125,instagram
126,mukbeng
127,pesen
128,gofood
129,ga
130,hidup
131,sesederhana
132,gengz
133,yuhuu
134,siapa
135,mau
136,deodorantnya
137,deodorannya
138,murah
139,tapi
140,murahan
141,loh
142,favorit
143,keluarga
144,aku
145,nihh
146,iya
147,teh
148,ambil
149,aja
150,kuning
151,mah
152,pesta
153,harga
154,akhir
155,tahun
156,giias
157,medan
158,auto
159,show
160,banyak
161,dan
162,khusus
163,hanya
164,berlaku
165,pameran
166,berlangsung
167,slide
168,yaampun
169,kak
170,aulll
171,eh
172,make
173,over
174,misal
175,harganya
176,rb
177,penghitungannya
178,lalu
179,masi
180,yg
181,harus
182,dibayar
183,juga
184,rizka
185,tunggu
186,d
187,htel
188,y
189,say
190,opn
191,include
192,ptongn
193,k
194,amp
195,hnya
196,rabu
197,jumt
198,season
199,greetings
200,tia
201,per
202,hari
203,gede
204,lumayanlah
205,kutergiurrrr
206,cgv
207,cinemas
208,kini
209,hadir
210,icon
211,dapatkan
212,untuk
213,pembelian
214,min
215,tiket
216,nonton
217,melalui
218,aplikasi
219,web
220,goers
221,dengan
222,menggunakan
223,kode
224,voucher
225,fansite
226,kyknya
227,soalnya
228,pun
229,po
230,ntar
231,pas
232,ready
233,belom
234,ems
235,tax
236,anjer
237,kereta
238,api
239,pakai
240,epay
241,bri
242,trx
243,rprb
244,info
245,lengkap
246,buat
247,kalian
248,bisa
249,jajan
250,alfamart
251,cek
252,dulu
253,katalog
254,belanja
255,periode
256,november
257,mana
258,tau
259,produk
260,pengen
261,lihat
262,selengkapnya
263,disini
264,starbucks
265,minuman
266,holiday
267,special
268,tumbler
269,mug
270,kartu
271,kredit
272,bca
273,syarat
274,ketentuan
275,lengkapnya
276,sempurnakan
277,alat
278,dapurmu
279,peralatan
280,dapur
281,kamu
282,butuhkan
283,hingga
284,gt
285,handmaid
286,s
287,tale
288,belum
289,ketemu
290,miinn
291,buku
292,paling
293,dicari
294,temen
295,gue
296,nitip
297,temennya
298,hongkong
299,doang
300,tjoy
301,np
302,masuk
303,gelanggang
304,samudra
305,sampe
306,nov
307,kalok
308,minta
309,telponnyaaaa
310,berkali
311,kaliii
312,giliran
313,diminta
314,pelunasan
315,slow
316,respond
317,not
318,feeling
319,well
320,bhaiqueee
321,saya
322,jugak
323,ngeluarin
324,duit
325,jugakkk
326,paaakk
327,prime
328,gears
329,beri
330,menarik
331,helm
332,arai
333,taichi
334,komine
335,imos
336,kunjungi
337,showroom
338,kami
339,bergabunglah
340,menjadi
341,member
342,mendapatkan
343,manfaat
344,seumur
345,yaallah
346,sudah
347,teracuni
348,shopee
349,nggak
350,nih
351,tiba
352,dapat
353,gocar
354,komik
355,gila
356,an
357,plis
358,sesuai
359,janji
360,beberapa
361,program
362,big
363,thank
364,you
365,sale
366,seluruh
367,indonesia
368,sepanjang
369,spesial
370,sastra
371,longdress
372,polos
373,renda
374,ukuran
375,tercantum
376,gambar
377,accessories
378,bahan
379,ecer
380,pcs
381,reseller
382,welcome
383,contact
384,check
385,bio
386,berbagai
387,marchendise
388,tipe
389,x
390,sini
391,acee
392,mega
393,wan
394,na
395,one
396,album
397,set
398,won
399,aslinya
400,trus
401,kihno
402,ver
403,should
404,i
405,buy
406,all
407,of
408,them
409,sdh
410,dcoba
411,berulang
412,malah
413,bs
414,pilih
415,schedule
416,poinnya
417,gk
418,benar
419,systemnya
420,kah
421,cardholders
422,jangan
423,lupa
424,yah
425,kalau
426,traveling
427,ingat
428,qatar
429,airways
430,karena
431,sedang
432,apalagi
433,rekumem
434,mas
435,gmn
436,bli
437,spy
438,dpet
439,salah
440,baca
441,espresso
442,sy
443,menghabiskan
444,pulsa
445,sekitar
446,ribuan
447,isi
448,coin
449,storial
450,terlalu
451,berasa
452,coinnya
453,nyicil
454,kantong
455,tak
456,sobek
457,kok
458,bakalan
459,pake
460,btn
461,bekerja
462,korea
463,tourism
464,organization
465,kto
466,menggelar
467,promosi
468,amsterdam
469,teramat
470,menyenangkan
471,kembali
472,batik
473,dari
474,website
475,code
476,pragiwaksono
477,akan
478,dapet
479,membandingkan
480,yaumul
481,boleh
482,asal
483,mengenalku
484,seumuran
485,dirinya
486,anti
487,katanya
488,dunia
489,seluruhnya
490,milik
491,bersama
492,hai
493,millenials
494,bogor
495,botani
496,square
497,mulai
498,lusa
499,kunjunganmu
500,libur
501,halo
502,adakah
503,go
504,prive
505,shirt
506,lg
507,ongkirnya
508,w
509,kuat
510,sendiri
511,oktober
512,pemesanan
513,via
514,kai
515,access
516,center
517,tidak
518,dikenakan
519,biaya
520,channel
521,orang
522,diborong
523,ngitung
524,berapa
525,setelah
526,dipotong
527,tetep
528,ngga
529,oh
530,kirain
531,lho
532,new
533,taipei
534,city
535,didiskon
536,spt
537,diatas
538,bayar
539,gitu
540,bukan
541,hweee
542,jual
543,serba
544,islam
545,tanah
546,jawa
547,pen
548,paw
549,menjual
550,kaos
551,branded
552,item
553,buruan
554,add
555,ea
556,indocomtech
557,cashback
558,pukpuk
559,mimin
560,khusnudzon
561,petuah
562,leluhur
563,hi
564,jawab
565,dipakai
566,cuci
567,ac
568,format
569,nama
570,spasi
571,kota
572,jawaban
573,tunik
574,marbella
575,gambarnya
576,dropship
577,temanmu
578,baru
579,mengirimkan
580,besar
581,besaran
582,nginap
583,hotel
584,peserta
585,bpjs
586,cuma
587,setengah
588,lainnya
589,ditawarkan
590,pesonna
591,semarang
592,belut
593,prima
594,cak
595,wanto
596,sip
597,belinya
598,ojol
599,suka
600,ngasi
601,mabelasrebu
602,selamat
603,mbk
604,ami
605,malinso
606,hadiah
607,parfum
608,the
609,agung
610,sagung
611,indah
612,absari
613,group
614,lolos
615,dpt
616,yeyy
617,higher
618,mb
619,fokus
620,adalah
621,awalnya
622,black
623,friday
624,app
625,store
626,apple
627,biasanya
628,nga
629,bingung
630,lt
631,olshop
632,biasa
633,eg
634,full
635,siapapun
636,tolong
637,akuuu
638,udah
639,dibuka
640,yaa
641,up
642,terkait
643,merchant
644,silahkan
645,konfirmasikan
646,ke
647,pihak
648,informasi
649,kredivo
650,lakukan
651,pada
652,transaksi
653,pertama
654,salam
655,hangat
656,juventus
657,upayakan
658,juan
659,mata
660,manchester
661,united
662,octosave
663,diperpanjang
664,nikmatin
665,maks
666,juta
667,semua
668,mister
669,aladin
670,sampai
671,ayo
672,pesan
673,toko
674,bener
675,dia
676,to
677,tapiiiii
678,ditinggin
679,kali
680,lipat
681,kan
682,jadinya
683,hmm
684,gintama
685,btw
686,wingstop
687,keluarin
688,ultah
689,yak
690,nawar
691,sadis
692,amat
693,laaaaaaah
694,friends
695,mampir
696,booth
697,cari
698,gadget
699,terkini
700,dgn
701,luar
702,hall
703,a
704,jcc
705,senayan
706,brands
707,sekelas
708,fossil
709,fujifilm
710,siap
711,bikin
712,menjerit
713,gimana
714,enggak
715,semuanya
716,bakal
717,kebagian
718,kehabisan
719,happy
720,halloween
721,saatnya
722,menikmati
723,treats
724,week
725,handphone
726,tablet
727,penawaran
728,spesialnya
729,dijamin
730,merinding
731,tampil
732,butuh
733,pilihan
734,tentunya
735,girls
736,office
737,look
738,kece
739,brand
740,ternama
741,seperti
742,melissa
743,lain
744,penampilanmu
745,oke
746,tambahan
747,hey
748,bro
749,vga
750,card
751,nvidia
752,ekstra
753,hinga
754,sebelum
755,discount
756,period
757,due
758,their
759,openingnya
760,so
761,jaksel
762,males
763,translate
764,kemaren
765,uniqlo
766,sency
767,semingguan
768,toyota
769,hub
770,misalkan
771,ace
772,hardware
773,samarinda
774,bigers
775,gunakan
776,ps
777,online
778,bagaiamanakh
779,breadlife
780,pay
781,for
782,debit
783,flazz
784,sakuku
785,gajian
786,banget
787,siang
788,bareng
789,sahabat
790,tom
791,nikmati
792,mirota
793,tuh
794,emang
795,harusnya
796,bahas
797,gini
798,dimana
799,buru
800,kmrn
801,bad
802,wolf
803,bbw
804,jastip
805,dr
806,lumayan
807,impornya
808,anw
809,jastipnya
810,nanti
811,blg
812,terus
813,cariin
814,getoh
815,join
816,nibras
817,berikut
818,ketentuannya
819,malu
820,chat
821,perlu
822,ketahui
823,merupakan
824,bagi
825,pelaku
826,e
827,commerce
828,hal
829,disebabkan
830,jatuh
831,pengujung
832,data
833,criteo
834,saja
835,sis
836,yes
837,tas
838,cakep
839,eba
840,tersedia
841,warna
842,siss
843,mauu
844,besok
845,bang
846,klo
847,get
848,diskonmarvel
849,avengers
850,infinity
851,war
852,t
853,style
854,navy
855,awal
856,link
857,line
858,hehe
859,sepenuhnya
860,is
861,gw
862,cmn
863,mac
864,tp
865,grameds
866,terbitan
867,gramedi
868,gramedia
869,pengguna
870,brizzi
871,mari
872,rayakan
873,ulang
874,joiceqanmxnt
875,paket
876,ruangbelajar
877,mobile
878,syaratnya
879,gampang
880,kangmas
881,diajeng
882,cukup
883,datang
884,memakai
885,baju
886,hitam
887,outlet
888,geprekboss
889,subha
890,foodfest
891,galeria
892,ditempat
893,boss
894,tanggal
895,dilazada
896,heii
897,otwlovers
898,martabak
899,manis
900,cobain
901,mhn
902,penjlsan
903,sbsr
904,hilang
905,padahal
906,seru
907,wrp
908,selaku
909,penjualnya
910,naikin
911,normal
912,haha
913,iluni
914,mm
915,ui
916,selasar
917,present
918,ceo
919,talks
920,seminar
921,management
922,insight
923,leading
924,sebut
925,kumparan
926,tunjukan
927,bahwa
928,punya
929,saat
930,acara
931,register
932,now
933,only
934,astaghfirullah
935,grabfood
936,nabungnya
937,pecinta
938,desain
939,jasa
940,logo
941,brosur
942,kalender
943,iklan
944,sse
945,pelayanan
946,terbaik
947,hubungi
948,assegaf
949,kedua
950,kalinya
951,garpu
952,kecilnya
953,karna
954,garpunya
955,diikutsertakan
956,dibeli
957,ribu
958,esteh
959,krupuk
960,kadang
961,gorengan
962,hhh
963,nutella
964,picu
965,kekacauan
966,prancis
967,woodskin
968,yellow
969,sq
970,size
971,cm
972,setiap
973,ukhty
974,orange
975,ingin
976,traktir
977,lunch
978,teman
979,sekantor
980,restorannya
981,pizza
982,hut
983,tukarkan
984,bata
985,mix
986,brown
987,diam
988,gatau
989,mocca
990,liburan
991,weekend
992,cus
993,manfaatkan
994,promonya
995,love
996,rt
997,tweet
998,tunjukkan
999,loket
1000,kita
1001,htm
1002,trans
1003,studio
1004,bandung
1005,dipasar
1006,pernh
1007,cuy
1008,boothnya
1009,bni
1010,cicilan
1011,yakin
1012,kq
1013,kemarin
1014,gramed
1015,dot
1016,com
1017,sekali
1018,sayangnya
1019,masukin
1020,nomor
1021,passpor
1022,which
1023,literally
1024,bangbew
1025,expired
1026,yaudah
1027,dikit
1028,travel
1029,agen
1030,elektronik
1031,shopping
1032,days
1033,maksudnya
1034,ongkir
1035,mba
1036,semalem
1037,maybelline
1038,pore
1039,eraser
1040,sm
1041,mascara
1042,tahan
1043,aq
1044,tuch
1045,satu
1046,jg
1047,informasikan
1048,kupon
1049,digunakan
1050,user
1051,pernah
1052,melakukan
1053,manapun
1054,aduhhhhhh
1055,rsb
1056,telah
1057,bekerjasama
1058,ratusan
1059,ketiga
1060,utk
1061,diberi
1062,kemudahan
1063,dalan
1064,bertransaksi
1065,jd
1066,khawatir
1067,tahu
1068,lebih
1069,jauh
1070,segera
1071,gabung
1072,rezeki
1073,sejuta
1074,bintang
1075,da
1076,baruuu
1077,anget
1078,tengok
1079,yuuuu
1080,akasia
1081,wedges
1082,guysss
1083,jual_beli
1084,kicaupromo
1085,flash
1086,sana
1087,watercolor
1088,paper
1089,dimulai
1090,redpm
1091,sore
1092,reddoorz
1093,engggaaa
1094,sepatu
1095,limited
1096,jepang
1097,medit
1098,pol
1099,menyukai
1100,penghematan
1101,follow
1102,diskonevoucher
1103,krn
1104,berguna
1105,terapkan
1106,konsumsi
1107,syariah
1108,biarkan
1109,tungguin
1110,penting
1111,setia
1112,____
1113,seafood
1114,lovers
1115,menu
1116,berbeda
1117,cost
1118,basement
1119,tm
1120,mangga
1121,mengawali
1122,bakso
1123,tulang
1124,iga
1125,yukk
1126,cash
1127,baso
1128,moo
1129,sebesar
1130,reward
1131,selanjutnya
1132,sangat
1133,jarang
1134,temukan
1135,update
1136,apps
1137,maen
1138,game
1139,dell
1140,it
1141,galeri
1142,canon
1143,scan
1144,qr
1145,klik
1146,linknya
1147,download
1148,skrg
1149,menginap
1150,berupa
1151,redcash
1152,senilai
1153,klinik
1154,kiara
1155,healthcare
1156,desember
1157,mu
1158,guru
1159,bakti
1160,kasihmu
1161,pemeriksaan
1162,medis
1163,laboratorium
1164,headphone
1165,jvc
1166,mini
1167,ringan
1168,ringkas
1169,lelang
1170,jakarta
1171,convention
1172,beneran
1173,kaga
1174,jago
1175,walau
1176,uda
1177,doyan
1178,bawaannya
1179,ngemall
1180,hobi
1181,ganti
1182,ahah
1183,ajah
1184,kehadiran
1185,pmps
1186,pasar
1187,malam
1188,perayaan
1189,sekaten
1190,anjungan
1191,pemkot
1192,yogyakarta
1193,photo
1194,taman
1195,pule
1196,cuss
1197,gaes
1198,gass
1199,aces
1200,memasuki
1201,manjakan
1202,spektakuler
1203,smart
1204,ways
1205,living
1206,utama
1207,hematnya
1208,lewat
1209,reservasi
1210,restoran
1211,plus
1212,ordinary
1213,kepo
1214,grhr
1215,keracunan
1216,dibilang
1217,bagus
1218,huhu
1219,duh
1220,mayan
1221,shae
1222,nungguin
1223,concealer
1224,hemat
1225,beb
1226,uang
1227,sebulan
1228,iyaa
1229,why
1230,menurut
1231,fa
1232,kinclong
1233,mereka
1234,berdua
1235,bow
1236,okenya
1237,kepikiran
1238,primer
1239,paginya
1240,kumau
1241,kata
1242,mamah
1243,begini
1244,disebut
1245,rejeki
1246,hahahah
1247,tulah
1248,perasan
1249,kot
1250,hb
1251,eee
1252,untung
1253,ah
1254,centu
1255,bestnyeee
1256,detikcom
1257,siaran
1258,pers
1259,pemegang
1260,home
1261,fashion
1262,bazaar
1263,perennials
1264,fasilitas
1265,kahh
1266,waktunya
1267,mengganti
1268,springbed
1269,dap
1270,fair
1271,gledek
1272,pesawat
1273,tanpa
1274,samber
1275,tiketmu
1276,prapesan
1277,mencari
1278,bali
1279,berubah
1280,ngurah
1281,suryawan
1282,tebal
1283,hlmn
1284,jenis
1285,etnografi
1286,whatsapp
1287,cobaan
1288,persen
1289,tgl
1290,menangos
1291,semoga
1292,dah
1293,kl
1294,sisa
1295,shinzui
1296,sering
1297,alfa
1298,indo
1299,wkwk
1300,kampanye
1301,kamis
1302,mendatang
1303,hushpuppiesid
1304,calm
1305,your
1306,day
1307,with
1308,blue
1309,chow
1310,oxford
1311,keren
1312,park
1313,lantai
1314,bnyk
1315,bonus
1316,goda
1317,pembeli
1318,smartphone
1319,ilmu
1320,fungsinya
1321,beda
1322,bib
1323,tanya
1324,ma
1325,emak
1326,percaya
1327,opo
1328,tltsn
1329,de
1330,model
1331,flatshoesnya
1332,ngasih
1333,masa
1334,maiyah
1335,sempet
1336,gotix
1337,seneng
1338,akutu
1339,membawa
1340,pendamping
1341,merasakan
1342,brithday
1343,suprise
1344,weekday
1345,legging
1346,airism
1347,enak
1348,yatuhaann
1349,pula
1350,bioglass
1351,jt
1352,kalung
1353,aura
1354,wahh
1355,email
1356,sms
1357,nyuruh
1358,lewatkan
1359,kesempatan
1360,seputar
1361,stan
1362,cobra
1363,dental
1364,foril
1365,xii
1366,balai
1367,kartini
1368,serta
1369,off
1370,railink
1371,guys
1372,bantu
1373,retweet
1374,ot
1375,dijual
1376,tempat
1377,tidur
1378,double
1379,bed
1380,anak
1381,hasil
1382,penjualan
1383,disumbangkan
1384,korban
1385,bencana
1386,gempa
1387,lombok
1388,palu
1389,nia
1390,dongeng
1391,jum
1392,at
1393,berkah
1394,stay
1395,tune
1396,yaaa
1397,selengkapnyaa
1398,langanan
1399,ayamnya
1400,komplain
1401,seenaknya
1402,kantor
1403,ngurus
1404,peninggi
1405,badan
1406,grosir
1407,invit
1408,ad
1409,marga
1410,kasi
1411,kompensasi
1412,jalan
1413,tolnya
1414,seharusnya
1415,macet
1416,parah
1417,tol
1418,kayak
1419,gitulah
1420,hahaha
1421,perbaikan
1422,penambahan
1423,berbayar
1424,berharap
1425,kendaraanya
1426,bebas
1427,hambatan
1428,open
1429,pre
1430,cerita
1431,tentang
1432,dp
1433,ikut
1434,nkcthi
1435,biografi
1436,empat
1437,imam
1438,mazhab
1439,ketiak
1440,berkeringat
1441,mengeluarkan
1442,aroma
1443,sedap
1444,pasti
1445,nyaman
1446,kaan
1447,cegah
1448,activell
1449,miss
1450,giordani
1451,gold
1452,deodorant
1453,roll
1454,on
1455,oriflame
1456,membuat
1457,beraktivitas
1458,sssttt
1459,lhooo
1460,tiptop
1461,jsm
1462,pekan
1463,lemah
1464,jaket
1465,sneakers
1466,anyway
1467,siapin
1468,saldo
1469,tcash
1470,deretan
1471,local
1472,clothing
1473,yup
1474,ohlins
1475,tawarkan
1476,motor
1477,matik
1478,hooh
1479,borong
1480,wkwkwkwk
1481,blibli
1482,otomotif
1483,tadi
1484,pagi
1485,uts
1486,terakhir
1487,balik
1488,asrama
1489,nyuci
1490,sengaja
1491,makeover
1492,tertarik
1493,youtube
1494,nyari
1495,shade
1496,wkwkwk
1497,tenang
1498,paham
1499,rasanya
1500,kaya
1501,main
1502,mode
1503,gatcha
1504,jaman
1505,disuruh
1506,mimpi
1507,disiang
1508,bolong
1509,diomelin
1510,melulu
1511,mamak
1512,cina
1513,gara
1514,listrik
1515,akhirnya
1516,mantap
1517,ditunggu
1518,harbolnas
1519,awas
1520,ngadain
1521,branch
1522,action
1523,atas
1524,cabang
1525,upa
1526,bank
1527,partner
1528,silakan
1529,tautan
1530,ali
1531,tiens
1532,trs
1533,horror
1534,buk
1535,hihi
1536,akh
1537,lyke
1538,kasih
1539,misteo
1540,berarti
1541,tokonya
1542,gagitu
1543,emg
1544,sihhh
1545,tpi
1546,setengahnya
1547,nyesek
1548,ampe
1549,ubun
1550,kecil
1551,aslinua
1552,segituuu
1553,kaum
1554,diskonan
1555,wkwkwkwkwk
1556,uwu
1557,yha
1558,konveksi
1559,sweater
1560,poloshirt
1561,dll
1562,kelas
1563,sangkin
1564,masalah
1565,biar
1566,sma
1567,varian
1568,activelle
1569,borongs
1570,aaah
1571,bap
1572,si
1573,standar
1574,ky
1575,drpd
1576,nantikan
1577,kehadiranmu
1578,expo
1579,diselenggarakan
1580,ice
1581,bsd
1582,ka
1583,mawlah
1584,gewla
1585,anu
1586,guardian
1587,sheetmasknya
1588,nambah
1589,seceng
1590,duwa
1591,wahahahaha
1592,ngeliat
1593,superindo
1594,happyfresh
1595,customer
1596,emmm
1597,engga
1598,aih
1599,gamauuu
1600,dira
1601,jeketi
1602,bedas
1603,kirim
1604,dm
1605,alamat
1606,lo
1607,beh
1608,send
1609,menunggumu
1610,satunya
1611,msi
1612,payment
1613,pastikan
1614,saldonya
1615,supaya
1616,antrian
1617,panjaaaaaaannngggg
1618,etdah
1619,cem
1620,segala
1621,rnb
1622,raisha
1623,stelan
1624,rok
1625,n
1626,blus
1627,allsize
1628,walaupun
1629,kimochi
1630,me
1631,ketika
1632,kumpulkan
1633,menantimu
1634,campaign
1635,terbaru
1636,dilihat
1637,wedding
1638,exhibition
1639,banjir
1640,menemukan
1641,cp
1642,sesuatu
1643,cogan
1644,tawarin
1645,lah
1646,aneh
1647,modal
1648,menahan
1649,godaan
1650,tiap
1651,melihat
1652,tanda
1653,berbunyi
1654,makanan
1655,iman
1656,perut
1657,mbak
1658,kos
1659,nongkrong
1660,elit
1661,low
1662,budget
1663,dalam
1664,puisi
1665,suluk
1666,awang
1667,uwung
1668,transendensi
1669,teistik
1670,kuntowijoyo
1671,sajak
1672,serbuan
1673,langit
1674,makrifat
1675,daun
1676,kesukaan
1677,cepat
1678,out
1679,jaringan
1680,pengalaman
1681,berbelanja
1682,tinggal
1683,pasang
1684,alarm
1685,kecantikan
1686,sogo
1687,department
1688,nasabah
1689,face
1690,body
1691,slimming
1692,kombinasi
1693,mesin
1694,suntik
1695,meso
1696,beauderm
1697,moi
1698,kelapa
1699,gading
1700,bellezza
1701,permata
1702,hijau
1703,tlp
1704,more
1705,terlanjur
1706,checkout
1707,incer
1708,dompet
1709,inget
1710,ludes
1711,jajanin
1712,adekku
1713,huhuhu
1714,para
1715,sastrawan
1716,taawudz
1717,undangan
1718,nikahan
1719,dua
1720,minggu
1721,selese
1722,dibaca
1723,risiko
1724,mahasiswa
1725,cah
1726,kerjo
1727,hape
1728,jae
1729,gaesss
1730,naik
1731,gopay
1732,yukkk
1733,kemana
1734,haru
1735,grup
1736,auditorium
1737,barjo
1738,universitas
1739,diponegoro
1740,lha
1741,koook
1742,ujungnya
1743,ilang
1744,entah
1745,ato
1746,diambil
1747,allah
1748,kucing
1749,kg
1750,sayang
1751,pdhl
1752,ihhhh
1753,mitsubishi
1754,ss
1755,colt
1756,diesel
1757,l
1758,strada
1759,triton
1760,pin
1761,fc
1762,ikutan
1763,selfie
1764,arasari
1765,gerai
1766,terdekat
1767,foto
1768,posting
1769,fotomu
1770,akun
1771,media
1772,sosial
1773,tag
1774,mention
1775,kang
1776,diwarnain
1777,astaga
1778,keknya
1779,mending
1780,delete
1781,artis
1782,papan
1783,selua
1784,sebelumnya
1785,merk
1786,sebelah
1787,berhubungan
1788,gedean
1789,alhasil
1790,woe
1791,knp
1792,bgs
1793,nota
1794,sepi
1795,abisnya
1796,disana
1797,kebanyakan
1798,sales
1799,kartukredit
1800,udh
1801,niat
1802,nivea
1803,keluar
1804,mukanya
1805,yunhyeong
1806,mo
1807,watson
1808,almost
1809,free
1810,cod
1811,jugaa
1812,point
1813,excelso
1814,menyeramkan
1815,excleso
1816,oa
1817,dapetin
1818,ug
1819,floor
1820,epm
1821,paan
1822,kebetulan
1823,uangnya
1824,tabung
1825,sedikit
1826,dikasih
1827,ibu
1828,asuransi
1829,kuota
1830,alokasi
1831,terduga
1832,hunting
1833,baeby
1834,dipuji
1835,hyung
1836,oops
1837,maaf
1838,mempan
1839,barusan
1840,ciwalk
1841,little
1842,things
1843,payless
1844,melu
1845,sek
1846,iki
1847,dadi
1848,sewa
1849,spalding
1850,tanktop
1851,polyester
1852,drifit
1853,lingkar
1854,dada
1855,ditawar
1856,tawar
1857,dibalas
1858,pickwear
1859,lap
1860,daniel
1861,pc
1862,hoodie
1863,nomer
1864,edc
1865,berlangganan
1866,belajar
1867,ruangguru
1868,elsandalfyunk
1869,sobat
1870,qismin
1871,sepertiku
1872,samgat
1873,menantikan
1874,detikfood
1875,setuju
1876,cinnnn
1877,foundie
1878,disaat
1879,sekarat
1880,mikir
1881,wb
1882,sungguh
1883,sebuah
1884,kelangkaan
1885,tersendiri
1886,noura
1887,berani
1888,senekat
1889,memberi
1890,sd
1891,terlewat
1892,momen
1893,langka
1894,yauda
1895,natal
1896,wet
1897,waterpark
1898,pembayaran
1899,pelit
1900,sabun
1901,mili
1902,maksimal
1903,mna
1904,ayoo
1905,lgi
1906,asik
1907,telponan
1908,gebetan
1909,habis
1910,bete
1911,bangetkan
1912,mudah
1913,telkomsel
1914,dinomarket
1915,komunikasi
1916,semakin
1917,lancar
1918,band
1919,bosen
1920,muka
1921,ntaran
1922,ye
1923,pelanggan
1924,tetap
1925,gapunya
1926,twitter
1927,igeh
1928,mingyu
1929,protection
1930,squad
1931,rai
1932,saingan
1933,mundur
1934,duluan
1935,lip
1936,tint
1937,seventeen
1938,apapun
1939,nda
1940,itung
1941,brg
1942,dg
1943,jugah
1944,begitoh
1945,kategori
1946,bayi
1947,lgsg
1948,ko
1949,vector
1950,art
1951,wajah
1952,jika
1953,cepet
1954,background
1955,custom
1956,pemandangan
1957,cetak
1958,figura
1959,staycation
1960,rebay
1961,use
1962,ribknqvph
1963,lu
1964,deket
1965,tekel
1966,sumpah
1967,bawa
1968,ayah
1969,begadang
1970,iye
1971,ntr
1972,dl
1973,apaan
1974,wonwoo
1975,mahal
1976,highlighter
1977,focallur
1978,tentulah
1979,ai
1980,menyianyiakan
1981,emas
1982,slot
1983,lokasi
1984,swisbell
1985,nerima
1986,bersedia
1987,grobmart
1988,ajaaa
1989,aman
1990,temenku
1991,novel
1992,riset
1993,lucu
1994,nangis
1995,kalkulator
1996,diskonannya
1997,hapus
1998,tangismu
1999,bedak
2000,gincumu
2001,luntur
2002,kebahagiaanmu
2003,wah
2004,trik
2005,beliin
2006,bapak
2007,kakek
2008,nenek
2009,pakde
2010,bude
2011,blm
2012,lansia
2013,jarak
2014,stasiun
2015,pp
2016,jgn
2017,form
2018,pisahin
2019,antara
2020,berangkat
2021,pulang
2022,gb
2023,memori
2024,mahu
2025,ingus
2026,nabung
2027,nes
2028,anjay
2029,nyandu
2030,switch
2031,damn
2032,usd
2033,dollar
2034,km
2035,booking
2036,haii
2037,aeon
2038,rangka
2039,berburu
2040,sushi
2041,catrice
2042,sunscreen
2043,biore
2044,cetaphile
2045,cream
2046,matte
2047,shadesnya
2048,idupku
2049,wanita
2050,daster
2051,hijab
2052,invite
2053,bb
2054,burger
2055,king
2056,dicek
2057,didownload
2058,bangeeeet
2059,waktu
2060,dev
2061,paradox
2062,gua
2063,eu
2064,dlc
2065,romnya
2066,seharga
2067,steam
2068,cs
2069,aow
2070,mn
2071,rs
2072,total
2073,dijumah
2074,berati
2075,spend
2076,bangsat
2077,samsung
2078,experince
2079,by
2080,nasa
2081,tertentu
2082,pura
2083,mbanya
2084,sik
2085,jualan
2086,dimintain
2087,konser
2088,lotteria
2089,bayarnya
2090,cb
2091,ayam
2092,nasi
2093,jngan
2094,namonyo
2095,suudhon
2096,almtnya
2097,djlan
2098,prof
2099,doktor
2100,maruf
2101,amin
2102,kemrin
2103,launching
2104,minat
2105,ntuk
2106,kelok
2107,ibo
2108,den
2109,padiahhhhh
2110,pan
2111,pengiriman
2112,antar
2113,antarkota
2114,sedih
2115,banya
2116,nunggu
2117,sas
2118,kuasa
2119,dipake
2120,cfc
2121,gegara
2122,jebol
2123,vnc
2124,inceran
2125,lanjut
2126,percuma
2127,aing
2128,paspor
2129,gmz
2130,lvl
2131,ternyata
2132,jambreng
2133,supermarket
2134,adasih
2135,mirip
2136,kosong
2137,kesini
2138,ttp
2139,mehong
2140,makananny
2141,lusin
2142,mengko
2143,yen
2144,lawan
2145,persib
2146,maneh
2147,dolan
2148,rene
2149,yoo
2150,nribun
2151,ngomong
2152,suroboyoan
2153,nang
2154,oleh
2155,akeh
2156,soale
2157,mamang
2158,viking
2159,ra
2160,ngapusi
2161,kelingan
2162,kudu
2163,ngguyu
2164,cover
2165,ta
2166,awudz
2167,bermanfaat
2168,membahagiakan
2169,keistimewaan
2170,pakuwon
2171,when
2172,u
2173,sendirian
2174,kamar
2175,ngapain
2176,gojek
2177,eastcoast
2178,vocer
2179,pilm
2180,xxi
2181,life
2182,good
2183,brah
2184,dont
2185,forget
2186,alhamdu
2187,lillah
2188,adaa
2189,holika
2190,q
2191,adeu
2192,duwit
2193,kebahagiaan
2194,skincare
2195,alhamdulillah
2196,cuman
2197,aer
2198,wudhu
2199,mulus
2200,soulmates
2201,vip
2202,room
2203,karokean
2204,jln
2205,pass
2206,depan
2207,pom
2208,bensin
2209,bukittinggi
2210,ronn
2211,pr
2212,kumpulin
2213,database
2214,pemiliknya
2215,menerima
2216,newsletter
2217,ebook
2218,mesti
2219,kreatif
2220,netizen
2221,pemikirannya
2222,kritis
2223,tumben
2224,dear
2225,best
2226,seller
2227,beralamat
2228,diperempatan
2229,cipasung
2230,singaparna
2231,outfit
2232,kuliah
2233,karet
2234,rambut
2235,cewe
2236,flannel
2237,cimolan
2238,kemeja
2239,bekas
2240,celana
2241,lea
2242,warisan
2243,kakak
2244,ipar
2245,boxer
2246,ngembat
2247,kolor
2248,badminton
2249,bokap
2250,converse
2251,taon
2252,terpercaya
2253,mal
2254,jeans
2255,jaringaniklan
2256,ori
2257,segitu
2258,manjiw
2259,andai
2260,orgnya
2261,meninggikan
2262,sport
2263,station
2264,banana
2265,sang
2266,pisang
2267,dus
2268,rasa
2269,stroberi
2270,coklat
2271,hematku
2272,tangan
2273,gatel
2274,hadeeh
2275,jokes
2276,nah
2277,saban
2278,lucky
2279,spin
2280,poin
2281,extra
2282,tu
2283,belik
2284,token
2285,pln
2286,undian
2287,redeem
2288,terpinter
2289,handai
2290,taulan
2291,jan
2292,dianggurin
2293,benefit
2294,expand
2295,berhadiah
2296,tokopedia
2297,halaman
2298,masukkan
2299,tpgil
2300,ayu
2301,maunya
2302,nemenin
2303,itupun
2304,wahahahahah
2305,jadilah
2306,mencakar
2307,uwuwu
2308,eksklusif
2309,musik
2310,kejutan
2311,guns
2312,roses
2313,stadion
2314,gelora
2315,bung
2316,karno
2317,aplikasinya
2318,counter
2319,spot
2320,coba
2321,hoki
2322,apply
2323,saksikan
2324,penampilan
2325,tiketnya
2326,bcagnr
2327,virtual
2328,account
2329,klikpay
2330,tergantung
2331,impian
2332,maka
2333,pergilah
2334,usa
2335,pusing
2336,ditambah
2337,selalu
2338,nyx
2339,soft
2340,lipcream
2341,original
2342,tipu
2343,kolom
2344,comment
2345,erafone
2346,pondok
2347,duta
2348,banjarmasin
2349,plaza
2350,ambarrakumo
2351,mandiri
2352,postingiklan
2353,daerah
2354,jabodetabek
2355,ciputra
2356,clearance
2357,intip
2358,daftarnya
2359,pingin
2360,keberatan
2361,kambing
2362,daging
2363,ikan
2364,ia
2365,secara
2366,mengirit
2367,pengeluaran
2368,berada
2369,genggamannya
2370,pergi
2371,mansion
2372,tentu
2373,bh
2374,pelajar
2375,jualbh
2376,shoesource
2377,additional
2378,red
2379,items
2380,askmf
2381,kudet
2382,maksud
2383,shpee
2384,official
2385,zara
2386,ijenorensdistro
2387,atribut
2388,merchandise
2389,pusamania
2390,dtg
2391,toserba
2392,yogya
2393,daftar
2394,apparel
2395,kuda
2396,put
2397,hahahahaha
2398,holland
2399,bakery
2400,crepes
2401,segalanya
2402,mastercard
2403,visa
2404,giant
2405,gpp
2406,hypermart
2407,klarjoan
2408,fast
2409,respon
2410,koleksi
2411,terpopuler
2412,gilaan
2413,merek
2414,dapatin
2415,terlewatkan
2416,dinolovers
2417,tingkatkan
2418,strap
2419,galaxy
2420,watch
2421,kontrol
2422,aktivitas
2423,langkah
2424,begitu
2425,elegan
2426,mewah
2427,fotografi
2428,abadikan
2429,mirrorless
2430,camera
2431,tajam
2432,kualitas
2433,miliki
2434,paris
2435,cap
2436,baha
2437,sebagai
2438,metode
2439,bismillah
2440,sharing
2441,detergen
2442,ramah
2443,lingkungan
2444,hni
2445,green
2446,wash
2447,sachet
2448,perak
2449,sebungkus
2450,couple
2451,gamis
2452,krisna
2453,sepasang
2454,gatse
2455,oliv
2456,wkwkkk
2457,stengah
2458,puj
2459,wkwkkwkw
2460,krna
2461,wuih
2462,fm
2463,keliatannya
2464,ok
2465,neh
2466,alfamidi
2467,sob
2468,unik
2469,karakter
2470,terasa
2471,service
2472,tunas
2473,bmw
2474,solusinya
2475,berrybenka
2476,duga
2477,nyesel
2478,milih
2479,markobar
2480,geser
2481,xi
2482,b
2483,berat
2484,togel
2485,pinbb
2486,eaefff
2487,tips
2488,travelers
2489,senangnya
2490,kepalang
2491,berhasil
2492,membungkus
2493,murahnya
2494,kebangetan
2495,agar
2496,sukses
2497,sepeti
2498,disiapkan
2499,regis
2500,akulku
2501,refferal
2502,tvtwvh
2503,aktifkan
2504,limit
2505,kreditnya
2506,sebanyak
2507,gbayar
2508,samsek
2509,dek
2510,dian
2511,yaaaa
2512,kembaran
2513,jamnya
2514,yuks
2515,melesat
2516,koar
2517,ahirnya
2518,utang
2519,dilupakan
2520,tagihan
2521,suramadu
2522,hobinya
2523,heboh
2524,ngibul
2525,membeli
2526,pacaran
2527,mulu
2528,diem
2529,rumah
2530,ih
2531,mcd
2532,tebing
2533,pantai
2534,jogging
2535,bajunya
2536,sucipto
2537,from
2538,swimmer
2539,selagi
2540,ketinggalan
2541,catat
2542,tanggalnya
2543,potongan
2544,atasan
2545,dibukalapak
2546,wts
2547,totebag
2548,dicarefour
2549,gasalah
2550,hiw
2551,ekspres
2552,berakhir
2553,kue
2554,khas
2555,betawi
2556,mika
2557,macem
2558,klepon
2559,talam
2560,lupis
2561,enakkkk
2562,sekitaran
2563,jagakarsa
2564,jak
2565,sel
2566,dibutuhin
2567,solusi
2568,kusut
2569,susah
2570,diatur
2571,aaaah
2572,diskonnya
2573,eleo
2574,protecting
2575,oil
2576,otak
2577,berkerjasama
2578,keinganan
2579,turutin
2580,en
2581,perhitungan
2582,brp
2583,memang
2584,ump
2585,bawah
2586,tuntutan
2587,federasi
2588,buruh
2589,tetapi
2590,tj
2591,sehat
2592,maupun
2593,kawan
2594,mendapat
2595,dituntut
2596,lmusikgnr
2597,bookmyshow
2598,cafe
2599,docco
2600,beverage
2601,food
2602,berlokasi
2603,simaspoin
2604,capt
2605,opening
2606,captain
2607,kerang
2608,saharjo
2609,tebet
2610,selatan
2611,berlabuh
2612,taksi
2613,bluebird
2614,silverbird
2615,my
2616,visabb
2617,prnh
2618,bohong
2619,bnr
2620,potongannya
2621,dahsyat
2622,cocok
2623,lulusan
2624,umum
2625,eac
2626,elti
2627,sabirin
2628,hadidarsono
2629,arek
2630,suroboyo
2631,umroh
2632,surabaya
2633,jeddah
2634,garuda
2635,airlines
2636,rencanakan
2637,favoritmu
2638,bawahan
2639,adanya
2640,tua
2641,gathering
2642,arisan
2643,kumpul
2644,jumlah
2645,yaitu
2646,citilink
2647,seat
2648,meals
2649,rute
2650,namun
2651,kerjasama
2652,janet
2653,event
2654,bo
2655,ngaku
2656,dikatain
2657,abisan
2658,kocak
2659,almamaternya
2660,terkenal
2661,se
2662,mampu
2663,tugas
2664,duitnya
2665,nature
2666,balm
2667,coconut
2668,melon
2669,mango
2670,omg
2671,skali
2672,bibir
2673,kering
2674,terkelupas
2675,stok
2676,vinca
2677,barangnya
2678,komentar
2679,stock
2680,real
2681,pict
2682,sling
2683,valley
2684,detail
2685,chloe
2686,hot
2687,area
2688,sumbar
2689,selain
2690,every
2691,think
2692,will
2693,be
2694,fine
2695,triknya
2696,kalap
2697,namanya
2698,meski
2699,lebaran
2700,sender
2701,seingetku
2702,ngecek
2703,bukannya
2704,fit
2705,lago
2706,buruannnn
2707,play
2708,la
2709,tix
2710,id
2711,numpang
2712,punyaku
2713,nqww
2714,gapernah
2715,cukyup
2716,rangkaian
2717,disemua
2718,griya
2719,pegi
2720,yamaha
2721,xx
2722,wkwwk
2723,fs
2724,nyampe
2725,slogan
2726,boros
2727,kosmetik
2728,membantu
2729,kebutuhan
2730,bulanan
2731,sign
2732,rpk
2733,nyobain
2734,deo
2735,swalayan
2736,sbm
2737,referalku
2738,abdullahtdviln
2739,_yusufmi
2740,yusuf
2741,mengenai
2742,ditukarkan
2743,telepon
2744,internet
2745,digital
2746,nada
2747,dering
2748,konten
2749,dengab
2750,memiliki
2751,yang_yusuf
2752,kinasih
2753,songket
2754,nanya
2755,apakah
2756,penumpang
2757,terima
2758,garnet
2759,keindahannya
2760,elo
2761,nir
2762,help
2763,power
2764,destiny
2765,poster
2766,diusahakan
2767,fix
2768,price
2769,draw
2770,freebies
2771,pertengahan
2772,kyanite
2773,safir
2774,berkualitas
2775,memo
2776,keaslian
2777,testimoni
2778,reveline
2779,serum
2780,sekian
2781,lupaa
2782,ngegas
2783,eks
2784,rugi
2785,dilewatkan
2786,kayanya
2787,kartuku
2788,hhe
2789,gorden
2790,smokering
2791,lembar
2792,lusinan
2793,ciiynn
2794,semuaaaa
2795,jwr
2796,detailnya
2797,simak
2798,hsbc
2799,tyas
2800,sweatshirt
2801,pink
2802,airasia
2803,len
2804,menangis
2805,darah
2806,balikin
2807,klu
2808,tuker
2809,buktikan
2810,kecintaan
2811,rosda
2812,juara
2813,landmark
2814,ramekeun
2815,persibday
2816,lurrr
2817,jersey
2818,authentic
2819,replica
2820,ngelirik
2821,cowo
2822,depannya
2823,encim
2824,diputer
2825,traveloka
2826,periplus
2827,bidakara
2828,iseng
2829,sekalian
2830,drop
2831,osnya
2832,ml
2833,makenya
2834,diolesin
2835,luka
2836,melatih
2837,ngingetin
2838,suruh
2839,fu
2840,dress
2841,makau
2842,super
2843,fladish
2844,doong
2845,sampel
2846,resto
2847,vouchernyaaa
2848,dooong
2849,jaga
2850,friend
2851,if
2852,meet
2853,that
2854,kind
2855,person
2856,buang
2857,got
2858,ditemenin
2859,muda
2860,ngapa
2861,preorder
2862,ahmad
2863,syafii
2864,maarif
2865,politik
2866,upaya
2867,membingkai
2868,peradaban
2869,borneo
2870,paradiso
2871,jtaan
2872,kpr
2873,budiman
2874,prioritas
2875,turun
2876,john
2877,steinbeck
2878,raksasa
2879,bermata
2880,biru
2881,nazim
2882,hikmet
2883,penerjemah
2884,bernando
2885,j
2886,sudjibto
2887,berumah
2888,mawardi
2889,esai
2890,kisah
2891,jeli
2892,manalu
2893,cerpen
2894,insiden
2895,kuil
2896,ben
2897,okri
2898,sangkolan
2899,celurit
2900,sabit
2901,roz
2902,ekki
2903,tuhan
2904,umur
2905,org
2906,macam
2907,kau
2908,rban
2909,manaa
2910,hayu
2911,ramaikeun
2912,wismis
2913,memperlihatkan
2914,kta
2915,kedai_mistis
2916,we
2917,are
2918,kedai
2919,mistis
2920,ciawitali
2921,rata
2922,ngomongin
2923,twice
2924,makeup
2925,distiker
2926,pap
2927,suzuki
2928,ignis
2929,seri
2930,gl
2931,gx
2932,tertera
2933,rendah
2934,sjafruddin
2935,prawiranegara
2936,pemikiran
2937,ekonomi
2938,edi
2939,sudrajat
2940,yahh
2941,kooo
2942,cuz
2943,bye
2944,klaim
2945,penipuan
2946,internal
2947,oyaa
2948,grand
2949,kapaan
2950,menanti
2951,air
2952,molor
2953,aliranya
2954,dirugikan
2955,hallo
2956,booklovers
2957,save
2958,books
2959,beyond
2960,bukunya
2961,ovo
2962,merapat
2963,nder
2964,sh
2965,ttt
2966,dibawah
2967,watsons
2968,unilevernya
2969,gajauh
2970,pokoknya
2971,kzl
2972,himalay
2973,taunya
2974,st
2975,ives
2976,maap
2977,ni
2978,curhat
2979,greget
2980,operasi
2981,plastik
2982,perjalanan
2983,perantara
2984,tokio
2985,marine
2986,mengantar
2987,tujuan
2988,eatigo
2989,pemburu
2990,pm
2991,thanks
2992,pilihanmu
2993,agak
2994,browsing
2995,battlefield
2996,paypal
2997,udahan
2998,hahahahahahahahahahah
2999,mothercare
3000,junior
3001,artist
3002,in
3003,making
3004,elc
3005,toys
3006,mainan
3007,bermain
3008,judi
3009,www
3010,androidd
3011,titik
3012,situs
3013,teraman
3014,ternyaman
3015,pasaran
3016,nasional
3017,kesukaanmu
3018,dishopee
3019,ndeerr
3020,hitung
3021,jerat
3022,jerit
3023,deals
3024,garskin
3025,csholic
3026,ˆˆ
3027,merapattt
3028,annnnnnnn
3029,chicking
3030,mania
3031,mamin
3032,minum
3033,paha
3034,mineral
3035,drink
3036,bakulsmg
3037,bimbingan
3038,muslim
3039,minimum
3040,selempan
3041,wow
3042,seriusan
3043,serius
3044,doooong
3045,and
3046,decker
3047,wm
3048,meja
3049,kerja
3050,portable
3051,klem
3052,soooo
3053,prediksi
3054,sydney
3055,angka
3056,colok
3057,tebak
3058,shio
3059,naga
3060,entertogel
3061,waterboom
3062,lippo
3063,cikarang
3064,ponta
3065,tshirt
3066,take
3067,manula
3068,kutek
3069,hayoooooo
3070,botol
3071,nail
3072,polish
3073,yahhhh
3074,gans
3075,fantastic
3076,kelipatan
3077,pic
3078,emba
3079,__
3080,hayuuk
3081,efek
3082,bath
3083,works
3084,warm
3085,vanilla
3086,sugar
3087,ena
3088,sumpit
3089,wkt
3090,makanya
3091,yalord
3092,trnyt
3093,kawe
3094,jdnya
3095,wanginya
3096,gaenak
3097,pengabdi
3098,give
3099,away
3100,manfaatin
3101,pemberontakan
3102,petani
3103,banten
3104,sartono
3105,kartodirjo
3106,mood
3107,under
3108,mercedes
3109,benz
3110,arcgis
3111,personal
3112,license
3113,gisweek_id
3114,tepat
3115,cermat
3116,yomart
3117,lomba
3118,mommy
3119,match
3120,ova
3121,children
3122,wear
3123,dasar
3124,moms
3125,tetiba
3126,yallah
3127,galau
3128,sehun
3129,termasuk
3130,balkon
3131,reguler
3132,vvip
3133,platinum
3134,faisal
3135,synnara
3136,baik
3137,mizanstore
3138,menyesal
3139,takan
3140,arti
3141,bros
3142,dagu
3143,liontin
3144,huruf
3145,harag
3146,skala
3147,gadiskon
3148,gasampe
3149,kyk
3150,chanel
3151,movie
3152,olahraga
3153,berita
3154,religi
3155,lifestyle
3156,transvision
3157,toren
3158,remember
3159,gloskin
3160,supanova
3161,advanced
3162,filler
3163,restylane
3164,lyft
3165,or
3166,vital
3167,light
3168,disc
3169,cc
3170,menang
3171,honda
3172,club
3173,bertanda
3174,trio
3175,seorangpun
3176,berpaling
3177,menatap
3178,membuka
3179,berisikan
3180,perkenalan
3181,menguntungkan
3182,pengambilan
3183,bukuku
3184,postcard
3185,mengikuti
3186,preordernya
3187,menghubungi
3188,fino
3189,wilayah
3190,tangerang
3191,bekasi
3192,membutuhkannya
3193,bus
3194,hello
3195,bottle
3196,kaca
3197,sarung
3198,saringan
3199,komplit
3200,yaaah
3201,mempunyai
3202,saringat
3203,bagian
3204,nyaaa
3205,year
3206,end
3207,fitplus
3208,ceria
3209,dikirimin
3210,inbox
3211,catatan
3212,kurangi
3213,dadakan
3214,pokok
3215,seminggu
3216,mubazir
3217,berlebihan
3218,busuk
3219,bekal
3220,higienis
3221,hindari
3222,gengsi
3223,usah
3224,gaya
3225,kekinian
3226,rapi
3227,bu
3228,eror
3229,nike
3230,court
3231,royal
3232,grey
3233,bnib
3234,retail
3235,nt
3236,donut
3237,house
3238,scenario
3239,weight
3240,dimension
3241,length
3242,width
3243,height
3244,pieces
3245,ikoma
3246,telp
3247,nb
3248,memberikan
3249,menaikkan
3250,terlebih
3251,dahulu
3252,diri
3253,aneka
3254,atom
3255,tahap
3256,ba
3257,pakaian
3258,partai
3259,unit
3260,dimas
3261,adhitya
3262,melayani
3263,cleanser
3264,toner
3265,cosrx
3266,cetaphil
3267,senka
3268,oiya
3269,th
3270,referral
3271,ku
3272,noraakjvvq
3273,evalube
3274,persamaannya
3275,taun
3276,ramenya
3277,anjing
3278,ngabarin
3279,malem
3280,bales
3281,ckck
3282,makna
3283,google
3284,menelusuri
3285,kompleksitas
3286,suresh
3287,mylavarapu
3288,tommy
3289,wikonian
3290,sambangi
3291,hhhhhhjirrr
3292,tdnya
3293,pastinya
3294,anggaran
3295,direncanakan
3296,tergiur
3297,gelap
3298,friska
3299,khimar
3300,ameerah
3301,ameerahnya
3302,farmers
3303,market
3304,harapan
3305,pembelanjaan
3306,mar
3307,dimanasihh
3308,godain
3309,udahdihujat
3310,riya
3311,au
3312,serut
3313,bucket
3314,bag
3315,selempang
3316,korean
3317,ramai
3318,playstation
3319,pse
3320,gameshop
3321,sydneypools
3322,as
3323,kop
3324,kepala
3325,ekor
3326,control
3327,invest
3328,donlot
3329,appnya
3330,akuu
3331,harinya
3332,high
3333,heels
3334,profiklan
3335,iklanonlineshop
3336,sopan
3337,seribu
3338,rupiah
3339,thx
3340,racun
3341,menggoda
3342,klw
3343,terlambat
3344,segel
3345,pasokan
3346,adil
3347,maskapai
3348,pengunjung
3349,eco
3350,elshinta
3351,terbatas
3352,amankan
3353,semi
3354,annual
3355,aksesoris
3356,kotamu
3357,pelangsing
3358,abc
3359,dokumentasi
3360,video
3361,tiketcom
3362,sistemnya
3363,diminati
3364,jogger
3365,premium
3366,evo
3367,jakcloth
3368,solo
3369,hahah
3370,nafsu
3371,lbh
3372,dri
3373,pd
3374,cwo
3375,ganteng
3376,wajib
3377,tonton
3378,salim
3379,promosiin
3380,vs
3381,dana
3382,ayuk
3383,obral
3384,teruss
3385,ride
3386,menteri
3387,bocer
3388,terpakai
3389,farish
3390,stnk
3391,trims
3392,mencintaimu
3393,pringles
3394,kepada
3395,sendal
3396,jepit
3397,elegant
3398,dianatara
3399,hils
3400,dowoon
3401,tossa
3402,sayur
3403,gas
3404,masangin
3405,bandrol
3406,petenya
3407,langganan
3408,dy
3409,buibu
3410,sibuk
3411,ngegame
3412,unruk
3413,rewards
3414,epicentrum
3415,malaysia
3416,bel
3417,xml
3418,pencinta
3419,veteran
3420,berikan
3421,masak
3422,yong
3423,kirin
3424,sanken
3425,flix
3426,kettle
3427,chips
3428,bioskop
3429,perdana
3430,xl
3431,xtra
3432,fun
3433,indomaret
3434,stand
3435,ibox
3436,ab
3437,diklikaja
3438,pangeran
3439,luur
3440,anggep
3441,abel
3442,cantika
3443,ultima
3444,distro
3445,grade
3446,spesifikasi
3447,cotton
3448,combed
3449,diincar
3450,mupeng
3451,hdd
3452,tb
3453,file
3454,tertata
3455,hard
3456,disk
3457,sinyal
3458,penuh
3459,dijangkau
3460,didapatkan
3461,book
3462,impor
3463,nonstop
3464,gedung
3465,kedatanganmu
3466,sarangku
3467,wolfies
3468,tsm
3469,detilnya
3470,elfiraxfunwdx
3471,redemption
3472,penukaran
3473,gamiles
3474,fest
3475,map
3476,pertamina
3477,pelumas
3478,lubricants
3479,memanjakan
3480,enduro
3481,yakni
3482,posses
3483,sabar
3484,takut
3485,dikemas
3486,bookmanias
3487,jelang
3488,kpg
3489,washing
3490,pemesanannya
3491,tanyakan
3492,see
3493,wait
3494,jogja
3495,notifikasi
3496,tergugah
3497,timnas
3498,itungan
3499,fresh
3500,selesai
3501,ngambek
3502,katalogpromosi
3503,rekening
3504,ponsel
3505,keuntungan
3506,menangin
3507,wheel
3508,fortune
3509,narsis
3510,photobooth
3511,ramein
3512,spao
3513,sailormoon
3514,harpot
3515,entaran
3516,dih
3517,digratiskan
3518,pekerjaan
3519,fatal
3520,darurat
3521,membaca
3522,dibacanya
3523,tomkiners
3524,tomkins
3525,ramayana
3526,venom
3527,seeker
3528,wexler
3529,rabbit
3530,phoenix
3531,artikel
3532,mungkin
3533,lapak
3534,adain
3535,maybank
3536,devon
3537,caf
3538,coca
3539,suki
3540,betul
3541,sekonsumtif
3542,ajaa
3543,sikattt
3544,lagiiiii
3545,ksh
3546,tegal
3547,ndeso
3548,ig
3549,dimensi
3550,dilengkapi
3551,ips
3552,hd
3553,fullvision
3554,bonusnya
3555,handbody
3556,harumnya
3557,lembut
3558,wangi
3559,yuuk
3560,peringati
3561,hkn
3562,prodia
3563,blitar
3564,kentang
3565,kabar
3566,ocbc
3567,uob
3568,fortuner
3569,trd
3570,disel
3571,tdp
3572,puluhan
3573,melalukan
3574,judul
3575,lipstick
3576,blackpink
3577,story
3578,penulis
3579,inkarnadine
3580,normalnya
3581,photocard
3582,print
3583,nipu
3584,akunnya
3585,keds
3586,buyget
3587,senang
3588,_
3589,shoes
3590,bakar
3591,kuah
3592,sambelnya
3593,gausah
3594,sayurnya
3595,rambaknya
3596,bungkus
3597,dibungkus
3598,bulat
3599,ragam
3600,salad
3601,soup
3602,tutup
3603,santap
3604,disediakan
3605,facial
3606,foam
3607,kemudian
3608,koh
3609,kopi
3610,gayo
3611,terbang
3612,aceh
3613,dualitas
3614,coffee
3615,tambah
3616,tinggi
3617,peningginya
3618,akui
3619,sbg
3620,_kalsium
3621,dunia_
3622,langsing
3623,lipstik
3624,colour
3625,unlimited
3626,sehari
3627,dipoles
3628,neeeehh
3629,serasi
3630,pasangan
3631,mengusung
3632,konsep
3633,kaki
3634,lima
3635,gandaria
3636,bigmate
3637,pribadi
3638,kickfest
3639,diriku
3640,hebat
3641,permatame
3642,kjsm
3643,man
3644,breif
3645,gtk
3646,diluar
3647,hujan
3648,deres
3649,tbtb
3650,bos
3651,telfon
3652,disitu
3653,inputan
3654,msh
3655,santai
3656,pak
3657,disni
3658,smsin
3659,p
3660,g
3661,great
3662,jutaan
3663,benci
3664,pamer
3665,caranya
3666,rundown
3667,kickstherules
3668,enjoy
3669,monday
3670,share
3671,jumpa
3672,daftarkan
3673,don
3674,franchise
3675,fee
3676,memilki
3677,usaha
3678,peluang
3679,meringankan
3680,beban
3681,ilotte
3682,page
3683,upnormal
3684,kasir
3685,sociolla
3686,tangkap
3687,maskot
3688,mainkan
3689,games
3690,merchants
3691,stores
3692,serunya
3693,eniesqgjyix
3694,pro
3695,makelar
3696,produsen
3697,roda
3698,beragam
3699,skin
3700,care
3701,vitamin
3702,kencantikan
3703,kesehatan
3704,karanganyar
3705,indiva
3706,sampek
3707,tumpah
3708,befree
3709,tour
3710,rainy
3711,wisata
3712,menggenang
3713,walden
3714,henry
3715,david
3716,thoreau
3717,memoar
3718,kegelapan
3719,ngalir
3720,swing
3721,alihkan
3722,pesona
3723,hr
3724,berjalan
3725,contoh
3726,surprise
3727,win
3728,celebrasia
3729,veggie
3730,stick
3731,dapurhijau
3732,camilan
3733,non
3734,msg
3735,pengawet
3736,gula
3737,garam
3738,gluten
3739,pack
3740,dst
3741,kemesraan
3742,janganlah
3743,berlalu
3744,mungutin
3745,bluechip
3746,pengumuman
3747,menghitung
3748,install
3749,sate
3750,giga
3751,serang
3752,sdr
3753,kerabat
3754,rekanan
3755,upload
3756,fb
3757,masyaolo
3758,kelebihan
3759,jeff
3760,siapp
3761,rumusan
3762,maut
3763,bbfs
3764,casino
3765,nationd
3766,wajar
3767,mengundang
3768,hasrat
3769,lalalaway
3770,keep
3771,nak
3772,mantan
3773,anaknya
3774,kao
3775,contreng
3776,merah
3777,tokped
3778,malahan
3779,kavling
3780,bangun
3781,tengah
3782,blora
3783,lebar
3784,meter
3785,citraindah
3786,marketing
3787,keunggulan
3788,touch
3789,bar
3790,intel
3791,core
3792,diskonvans
3793,packable
3794,oldskool
3795,blu
3796,blues
3797,racing
3798,vnaysyjcg
3799,spektra
3800,halloooo
3801,warga
3802,rantau
3803,prapat
3804,seruan
3805,re
3806,suzuya
3807,bertabur
3808,rizky
3809,ridho
3810,gan
3811,tkp
3812,informa
3813,mascaranya
3814,kejutannya
3815,mahir
3816,quran
3817,hadits
3818,ala
3819,ponpes
3820,ektubu
3821,segar
3822,saranin
3823,belanjanya
3824,tukerin
3825,ude
3826,dateng
3827,bedua
3828,ama
3829,konsul
3830,teros
3831,liatin
3832,specs
3833,running
3834,dual
3835,true
3836,white
3837,unisex
3838,lele
3839,penyet
3840,es
3841,membahas
3842,bullying
3843,tersebut
3844,ialah
3845,secangkir
3846,bully
3847,ditulis
3848,paresma
3849,elvigro
3850,bukalapak
3851,makasih
3852,nex
3853,ii
3854,hock
3855,oven
3856,stainless
3857,steel
3858,adira
3859,autocilin
3860,ganjar
3861,gaiss
3862,fyi
3863,beat
3864,vario
3865,janjian
3866,katalognya
3867,karaokean
3868,barangkali
3869,tbs
3870,kaget
3871,japanese
3872,cherry
3873,blossom
3874,yawda
3875,archipelago
3876,membership
3877,aston
3878,tanjungpinang
3879,conference
3880,fitur
3881,tar
3882,nyawa
3883,postingannya
3884,next
3885,bunga
3886,euy
3887,keur
3888,bray
3889,bolehin
3890,togamas
3891,kotabaru
3892,kongkow
3893,perpanjang
3894,lemari
3895,suda
3896,missqueen
3897,termakan
3898,omongan
3899,madzhab
3900,terpisah
3901,mencapai
3902,terimakasih
3903,userrpakrhacmb
3904,h
3905,versi
3906,tenant
3907,kemasan
3908,gelas
3909,starbak
3910,tumblernya
3911,ehehe
3912,yall
3913,our
3914,loyal
3915,customers
3916,lovely
3917,pet
3918,keanggotan
3919,juaro
3920,alc
3921,motif
3922,pinned
3923,rebajas
3924,lois
3925,tuk
3926,lewati
3927,lorong
3928,sempit
3929,hamtaro
3930,berlari
3931,senangi
3932,diapain
3933,havaianas
3934,akal
3935,seminyak
3936,start
3937,printer
3938,wkwkwkkwkw
3939,dibutuhn
3940,yo
3941,lotus
3942,seed
3943,dates
3944,dibuat
3945,perpaduan
3946,hidangan
3947,dessert
3948,lezat
3949,temani
3950,resepnya
3951,hidangkan
3952,hanget
3953,ngantor
3954,kasablanka
3955,peta
3956,bean
3957,sesudah
3958,sleepsuit
3959,gemes
3960,gemass
3961,vrz
3962,innova
3963,v
3964,mt
3965,grab
3966,pojokan
3967,mayaaaaaaaan
3968,sempat
3969,bangga
3970,prestasi
3971,dosa
3972,dahulukan
3973,sisanya
3974,ditabung
3975,guna
3976,keperluan
3977,ngirit
3978,belinyapun
3979,manfaatnya
3980,bkn
3981,terpatok
3982,gayaan
3983,wkwkw
3984,gembar
3985,gembor
3986,shake
3987,badai
3988,colek
3989,level
3990,sambil
3991,hp
3992,balesin
3993,ngitungin
3994,bertanya
3995,seorang
3996,puan
3997,belakang
3998,des
3999,pendant
4000,sebel
4001,napa
4002,geoff
4003,max
4004,menolak
4005,fasternet
4006,gadis
4007,nael
4008,menggelengkan
4009,kepalanya
4010,mencoba
4011,kiri
4012,kanan
4013,salut
4014,ngucapin
4015,kemilau
4016,menangkan
4017,pocari
4018,tenggorokannya
4019,batch
4020,berikutnya
4021,skor
4022,lulus
4023,tdi
4024,kurang
4025,grilled
4026,pork
4027,fave
4028,suatu
4029,perusahaan
4030,joran
4031,dsj
4032,pertanda
4033,decline
4034,stag
4035,baek
4036,what
4037,susi
4038,kek
4039,mengemas
4040,sejumlah
4041,shuttle
4042,pantes
4043,weh
4044,instal
4045,apk
4046,ando
4047,herbal
4048,jualank
4049,assalamualaikum
4050,shampoo
4051,ketombe
4052,rosehip
4053,beautyhaul
4054,semesta
4055,mendukung
4056,bersliweran
4057,yodaah
4058,deeh
4059,kelar
4060,payday
4061,hindarkanlah
4062,hamba
4063,yuuuhuuu
4064,bc
4065,favorite
4066,superrrr
4067,muraah
4068,asti
4069,mursugeng
4070,santi
4071,majid
4072,beby
4073,nadine
4074,erni
4075,providerku
4076,monbebe
4077,kujadikan
4078,cindyhxltwn
4079,ton
4080,keadaan
4081,thread
4082,berbelaja
4083,siangnya
4084,dikomporin
4085,emoney
4086,edition
4087,malemnya
4088,giveaway
4089,hae
4090,tergoda
4091,bpn
4092,interview
4093,blanja
4094,hrdnya
4095,kiw
4096,second
4097,ganiat
4098,marah
4099,sebenernya
4100,keliatan
4101,panjang
4102,gilo
4103,ukurannya
4104,sadar
4105,diitung
4106,innes
4107,tangga
4108,gamau
4109,repot
4110,goes
4111,points
4112,ngumpulin
4113,bsa
4114,pdahal
4115,penhem
4116,gada
4117,caramell
4118,machiato
4119,rumahnya
4120,sangad
4121,unvr
4122,sebar
4123,finance
4124,kontruksi
4125,berfikir
4126,duid
4127,xxx
4128,astagfirullah
4129,asiq
4130,pikir
4131,menggerutu
4132,minimarket
4133,bapake
4134,perantauan
4135,news
4136,yuuks
4137,cuuus
4138,loooo
4139,voucer
4140,looo
4141,koreanya
4142,huhuu
4143,pgn
4144,nii
4145,panwink
4146,seramai
4147,antusias
4148,bazar
4149,international
4150,lokasinya
4151,bandara
4152,polonia
4153,andromeda
4154,identik
4155,biasaya
4156,ibuk
4157,cewek
4158,lofriends
4159,information
4160,lottemart
4161,lakupon
4162,selasa
4163,cimb
4164,niaga
4165,idm
4166,masker
4167,mediheal
4168,bts
4169,tuhh
4170,diangkut
4171,kuliat
4172,mama
4173,ngirimin
4174,dikirain
4175,dibeliin
4176,forward
4177,tmnnya
4178,sigh
4179,cece
4180,titip
4181,meme
4182,bokek
4183,bunyi
4184,senenganmu
4185,sing
4186,bahane
4187,yowes
4188,penyakit
4189,guy
4190,lol
4191,jy
4192,collection
4193,hand
4194,importir
4195,berdomisili
4196,batam
4197,import
4198,stylenya
4199,musim
4200,tipis
4201,atm
4202,digit
4203,beliiiii
4204,duck
4205,wih
4206,luuur
4207,ntap
4208,digaaaas
4209,buset
4210,saling
4211,laknat
4212,abs
4213,aaaa
4214,wilver
4215,pst
4216,okee
4217,skrng
4218,wilove
4219,edisi
4220,senyum
4221,yhaaaa
4222,nggaya
4223,rek
4224,pesankan
4225,stocknya
4226,menipis
4227,segini
4228,lipensetip
4229,duitku
4230,wintra
4231,citra
4232,axeza
4233,team
4234,kampus
4235,lirik
4236,jicucu
4237,idah
4238,tomica
4239,auldey
4240,selling
4241,hasut
4242,danilla
4243,hivi
4244,dominos
4245,carte
4246,pasta
4247,ehhmmm
4248,entuk
4249,ki
4250,kygo
4251,nof
4252,live
4253,jiexpo
4254,nextnya
4255,nuna
4256,ogah
4257,setau
4258,wegu
4259,offline
4260,sarana
4261,ngukur
4262,sikil
4263,bersahabat
4264,curiga
4265,kafir
4266,resep
4267,omelet
4268,spanyol
4269,dirumah
4270,tambahkan
4271,sosis
4272,recipe
4273,ribet
4274,luang
4275,spicy
4276,cita
4277,lada
4278,sebentar
4279,sausage
4280,dikala
4281,lapar
4282,buatnya
4283,fadli
4284,hayoooo
4285,detik
4286,bandingin
4287,jamaah
4288,hasanah
4289,berfungsi
4290,sbagai
4291,keberangkatan
4292,sekaligus
4293,sbgai
4294,alumni
4295,deek
4296,ooobaiklah
4297,fajar
4298,daihatsu
4299,dajal
4300,pawang
4301,request
4302,f
4303,ikuti
4304,ehh
4305,keliling
4306,bangkrut
4307,shireen
4308,cuco
4309,dusta
4310,diantara
4311,pijat
4312,arin
4313,peringatan
4314,sureprise
4315,hmmm
4316,lhoo
4317,pacar
4318,inii
4319,sekedar
4320,hedon
4321,makannya
4322,hedeh
4323,kenyang
4324,seharian
4325,kayaknya
4326,berpergian
4327,prize
4328,ayla
4329,donk
4330,fila
4331,quality
4332,kaku
4333,dеngаn
4334,amazone
4335,optik
4336,lensa
4337,frame
4338,bosenan
4339,orangnya
4340,pacific
4341,place
4342,skincares
4343,nin
4344,boom
4345,tempatnya
4346,parkiran
4347,shopaholic
4348,jims
4349,honey
4350,terniat
4351,dipengujung
4352,miper
4353,gapake
4354,wkwkk
4355,garden
4356,dimsum
4357,cung
4358,ketce
4359,rebuu
4360,bru
4361,repan
4362,pda
4363,bgus
4364,nahan
4365,minyak
4366,wjh
4367,shit
4368,just
4369,remembered
4370,abt
4371,too
4372,like
4373,anytime
4374,ngejar
4375,im
4376,even
4377,sure
4378,though
4379,fr
4380,temenmu
4381,rencana
4382,rabbi
4383,pim
4384,layanan
4385,kulit
4386,keringnya
4387,pamela
4388,henbodi
4389,nemu
4390,baunya
4391,lembabin
4392,ati
4393,senggang
4394,kesana
4395,siapkan
4396,important
4397,bisnis
4398,yokk
4399,investasinya
4400,pebisnis
4401,penghasilan
4402,investasi
4403,semudah
4404,grill
4405,night
4406,cityhall
4407,serviced
4408,residences
4409,oya
4410,mantengin
4411,tahuuuu
4412,gaessss
4413,ngegrab
4414,rentan
4415,cancel
4416,setoran
4417,promoin
4418,winter
4419,sgm
4420,eksplor
4421,sri
4422,dkt
4423,rivan
4424,vin
4425,aoriramen
4426,oppa
4427,riri
4428,hyun
4429,yakan
4430,cekak
4431,youu
4432,bubbbz
4433,dita
4434,tq
4435,jangankan
4436,kenneth
4437,tersenyum
4438,puas
4439,mendengar
4440,persetujuan
4441,lintang
4442,setidaknya
4443,sense
4444,miliknya
4445,seburuk
4446,kira
4447,diliriknya
4448,pria
4449,menggigit
4450,bawahnya
4451,possess
4452,eclat
4453,amazing
4454,wihh
4455,emporio
4456,armani
4457,glam
4458,him
4459,lacoste
4460,challenge
4461,banteniklan
4462,perlengkapan
4463,mom
4464,kids
4465,lsg
4466,kubeli
4467,penjelasanya
4468,midnight
4469,ska
4470,huft
4471,gasido
4472,hm
4473,bnke
4474,asli
4475,kacanya
4476,endorse
4477,demi
4478,wkwkwkwkw
4479,likes
4480,stiker
4481,kulkas
4482,design
4483,jdi
4484,senengin
4485,tempatku
4486,bekale
4487,ekonomis
4488,gr
4489,kotak
4490,membiarkan
4491,hangus
4492,ceng
4493,pb
4494,ealah
4495,pukis
4496,jebul
4497,mung
4498,ngarep
4499,kebiasaan
4500,sheet
4501,mask
4502,kerupuk
4503,ehehehehehe
4504,carissa
4505,quail
4506,diamond
4507,crepe
4508,idr
4509,ldr
4510,luqi
4511,stokwarna
4512,emerald
4513,bahkan
4514,gi
4515,maskara
4516,terdengar
4517,suara
4518,lirih
4519,acc
4520,canmake
4521,offlinenya
4522,duhhh
4523,mohon
4524,ketidaknyamanannya
4525,berkala
4526,hoo
4527,gile
4528,input
4529,kasus
4530,membuatku
4531,puseng
4532,misalnya
4533,disimpulkan
4534,worth
4535,menurutku
4536,kulitku
4537,rating
4538,khasiatnya
4539,ampuh
4540,bentuk
4541,sheetnya
4542,kemungkinan
4543,wf
4544,admin
4545,holikaholika
4546,kecewa
4547,gajadi
4548,enakan
4549,digojek
4550,lotte
4551,mart
4552,kangen
4553,york
4554,disajikan
4555,diantaranya
4556,gaada
4557,pa
4558,airbnb
4559,petualangan
4560,untuj
4561,mon
4562,hampir
4563,seyuta
4564,dibroadcast
4565,material
4566,atuh
4567,kar
4568,storenya
4569,brew
4570,kmren
4571,lakik
4572,gopek
4573,garena
4574,shell
4575,denom
4576,gamers
4577,playstore
4578,timeline
4579,monita
4580,bdg
4581,flat
4582,syal
4583,gantungan
4584,kacamata
4585,kulot
4586,lawasan
4587,senen
4588,syahira
4589,lurik
4590,push
4591,drama
4592,msuk
4593,drapery
4594,top
4595,sandria
4596,kost
4597,syari
4598,islami
4599,guesthouse
4600,harian
4601,mingguan
4602,perbulan
4603,perhari
4604,jtan
4605,mandi
4606,almari
4607,raysha
4608,ajusie
4609,ultra
4610,people
4611,sabtu
4612,rencanain
4613,ancol
4614,perorang
4615,micellar
4616,water
4617,garnier
4618,togelwd
4619,datengg
4620,hamdallah
4621,lengan
4622,ealahh
4623,sapa
4624,jadiin
4625,satpam
4626,katrok
4627,nyali
4628,gituan
4629,diobral
4630,tulisannya
4631,melembutkan
4632,pikiran
4633,tubuh
4634,jiwa
4635,dirimuuuu
4636,yuukkkk
4637,pesanan
4638,dikirimkan
4639,lhohhh
4640,buruaannnnn
4641,eat
4642,easy
4643,snk
4644,suzuki_bdg
4645,kedapetan
4646,daan
4647,federal
4648,jatiasih
4649,rpjt
4650,handcarry
4651,bromidenya
4652,ajak
4653,memb
4654,bertiga
4655,box
4656,odol
4657,dom
4658,dibalik
4659,percayalah
4660,babak
4661,belur
4662,syopi
4663,warunk
4664,setiaphari
4665,semalam
4666,memikirkan
4667,kreditan
4668,simpan
4669,dompetku
4670,berkata
4671,zakir
4672,pengantar
4673,bahasa
4674,jco
4675,dozen
4676,donuts
4677,jakon
4678,sponge
4679,indomart
4680,darling
4681,sebelomnya
4682,dicover
4683,ituh
4684,morning
4685,yeay
4686,nyantai
4687,yuukk
4688,naksir
4689,dehh
4690,alias
4691,maei
4692,kaiexpo
4693,mengelus
4694,lihatnya
4695,sesekali
4696,tuit
4697,renovasi
4698,konstruksi
4699,baja
4700,sipil
4701,sudahkah
4702,jpvt
4703,rasakan
4704,support
4705,bbm
4706,dbdba
4707,fairplay
4708,electronic
4709,deal
4710,lapis
4711,malang
4712,batu
4713,hiburan
4714,cosplay
4715,kpop
4716,pound
4717,gram
4718,class
4719,goldmart
4720,supermal
4721,karawaci
4722,palapa
4723,ul
4724,eropa
4725,inggris
4726,tega
4727,kadaluarsa
4728,yay
4729,oct
4730,dikirim
4731,shahabiyah
4732,nabi
4733,syaikh
4734,mahmud
4735,mishri
4736,penerbit
4737,ummul
4738,qura
4739,dibelakang
4740,reer
4741,based
4742,konpers
4743,apbn
4744,kendali
4745,menrulnnya
4746,tensi
4747,perang
4748,dagang
4749,us
4750,china
4751,diproyeksikan
4752,mmbuat
4753,rate
4754,terkoreksi
4755,country
4756,fundamental
4757,still
4758,strong
4759,its
4760,time
4761,bursa
4762,stl
4763,english
4764,active
4765,communication
4766,hade
4767,pukkimak
4768,menjebak
4769,kenyataannya
4770,hrs
4771,tdk
4772,teliti
4773,byr
4774,marketplace
4775,josss
4776,overall
4777,transera
4778,menunjukkan
4779,februari
4780,anniversary
4781,bubur
4782,sekalinya
4783,jadwal
4784,tglnya
4785,memungkinkan
4786,ertiga
4787,sensacion
4788,shower
4789,kelembaban
4790,specia
4791,please
4792,slimfit
4793,cipeundeuy
4794,mati
4795,sib
4796,persyaratan
4797,mendingan
4798,byk
4799,tyda
4800,gabisa
4801,peuldinim
4802,delisa
4803,mermaid
4804,hhhhhhhh
4805,faedahnya
4806,untk
4807,kedepan
4808,setahun
4809,anakmu
4810,cerah
4811,secerah
4812,saudaraku
4813,tuneeca
4814,nan
4815,menawan
4816,hadirkan
4817,tuhhh
4818,tjolomadoe
4819,mamoir
4820,piero
4821,trade
4822,bertemu
4823,ayoooo
4824,adaaaaaaaa
4825,hancap
4826,wkk
4827,kuy
4828,qt
4829,bwt
4830,pejuang
4831,pendidikan
4832,smp
4833,materiny
4834,perjuangan
4835,ngejarny
4836,doi
4837,tasya
4838,maaaaakk
4839,maaakk
4840,jilbab
4841,mak
4842,bagaikan
4843,aahhh
4844,enaknya
4845,goler
4846,kasur
4847,kasurnya
4848,sarah
4849,alfacart
4850,sby
4851,mantaaab
4852,antlantis
4853,lahir
4854,wkwkwkw
4855,sevgili
4856,kardesim
4857,nambahin
4858,followers
4859,cyin
4860,ofc
4861,followan
4862,peka
4863,dn
4864,upfoll
4865,bot
4866,hack
4867,lavender
4868,diorder
4869,miring
4870,maret
4871,berujung
4872,yayaya
4873,sofa
4874,seater
4875,milleage
4876,meramaikan
4877,maaciwww
4878,sukanya
4879,kantin
4880,nikmatnya
4881,disforia
4882,inersia
4883,tulis
4884,dipesan
4885,memesan
4886,url
4887,dokter
4888,badannya
4889,dok
4890,okay
4891,penasaran
4892,nebak
4893,jujur
4894,iso
4895,ae
4896,goleki
4897,evan
4898,private
4899,estate
4900,starlight
4901,bls
4902,scrollnya
4903,tai
4904,cowok
4905,pilihannya
4906,selera
4907,babi
4908,wowwww
4909,yasmin
4910,hematttt
4911,lengkapi
4912,jadiii
4913,periodenya
4914,jugaaaa
4915,hiatus
4916,literasi
4917,keduaku
4918,collab
4919,ilustrasinya
4920,ulasan
4921,mendalam
4922,ttg
4923,lagu
4924,pied
4925,piper
4926,perth
4927,harimau
4928,blouse
4929,bahannya
4930,batin
4931,fannov
4932,fannovk
4933,luxury
4934,pinterest
4935,tadinya
4936,dibawahnya
4937,semenjak
4938,ecommerce
4939,hemphh
4940,hingfa
4941,hapenya
4942,garansi
4943,distributor
4944,powerbanknya
4945,autumn
4946,agustus
4947,januari
4948,mbaa
4949,diskonnyaaaaa
4950,kurus
4951,essence
4952,medihealnya
4953,perbedaan
4954,pep
4955,hy
4956,inspirasi
4957,kompas
4958,crystal
4959,jade
4960,idrk
4961,epromo
4962,ngeles
4963,ahok
4964,vonis
4965,thn
4966,prabowo
4967,penjara
4968,kecuali
4969,corporate
4970,diuangkan
4971,dept
4972,cont
4973,terlengkap
4974,manjain
4975,fiestapoin
4976,dine
4977,bpk
4978,rian
4979,sbb
4980,manggis
4981,cen
4982,lek
4983,wes
4984,iku
4985,gae
4986,hhmm
4987,idea
4988,nego
4989,maleficentnya
4990,ksih
4991,uninstall
4992,jdid
4993,move
4994,lhoooo
4995,saiki
4996,mengantiiii
4997,kombes
4998,brt
4999,koridor
5000,iii
5001,menyarankan
5002,nunjukin
5003,sekolah
5004,belinyaa
5005,dimaanaa
5006,opp
5007,road
5008,rayainnya
5009,terpotong
5010,proses
5011,sg
5012,feb
5013,wekawekaweka
5014,laahh
5015,olih
5016,namba
5017,nganyang
5018,besooooook
5019,banded
5020,doorprize
5021,numplek
5022,dilewatin
5023,surya
5024,kehilangan
5025,hak
5026,terjadi
5027,gangguan
