,0,1
0,ya
1,anjir
2,cpt,cepat
3,bgt,sekali
4,abis,habis
5,barang
6,manusia
7,diskon
8,lazada
9,terbesar
10,jam
11,selama
12,kalo,kalau
13,liat,lihat
14,promo
15,dalem,dalam
16,hati
17,langsung
18,bilang
19,ini
20,jadi
21,gratis
22,dong
23,itu
24,tandanya
25,anda
26,masih
27,miskin
28,apa
29,bedanya
30,matahari
31,sama
32,bulan
33,ada
34,gak,tidak
35,yhaaa,ya
36,krikkrik,hening
37,bagaimana
38,cara
39,tukar
40,mileage
41,garudamiles
42,year_end
43,festival
44,nahiya,iya
45,benerrr,benar
46,hahahaha,ketawa
47,makan
48,cantik
49,kena
50,gapapa
51,deh
52,rela
53,makin
54,lama
55,yang
56,pentinf,penting
57,fak,fuck
58,gmarket
59,kenapa
60,nya
61,sekarang
62,sih
63,sejarah
64,asia
65,tenggara
66,karya
67,m
68,c
69,ricklefs
70,rp,rupiah
71,order
72,atau
73,wa,whatssapp
74,komunitas
75,bambu
76,jl,jalan
77,taufiqurrahman
78,no
79,beji
80,timur
81,depok
82,buka
83,senin
84,jumat
85,pukul
86,wib
87,transmart
88,kuburaya
89,kapan
90,lagi
91,ngopi
92,di
93,mall
94,carrefour
95,kubu
96,raya
97,tah,nah
98,cenah,lho
99,yuk
100,diserbu
101,rika
102,wis,sudah
103,inden
104,mobil
105,esemka
106,nek,kalau
107,arp,hendak
108,tuku,beli
109,gagian,segera
110,mumpung,selagi
111,sebenarnya
112,bahagia
113,sederhana
114,beli
115,kebeli,beli
116,onlen,online
117,shop
118,flashsale
119,abang,bapak
120,telor,telur
121,gulung
122,minimal
123,rebu,ribu
124,instagram
125,mukbeng
126,pesen
127,gofood
128,ga,tidak
129,hidup
130,sesederhana
131,gengz,kawan
132,yuhuu,yuk
133,siapa
134,mau
135,deodorantnya,deodoran
136,deodorannya,deodoran
137,murah
138,tapi
139,murahan
140,loh,lho
141,favorit
142,keluarga
143,aku,saya
144,nihh,nih
145,iya
146,teh,bu
147,ambil
148,aja,saja
149,kuning
150,mah,sih
151,pesta
152,harga
153,akhir
154,tahun
155,giias
156,medan
157,auto
158,show
159,banyak
160,dan
161,khusus
162,hanya
163,berlaku
164,pameran
165,berlangsung
166,slide
167,yaampun,astaga
168,kak
169,aulll,aul
170,eh
171,make
172,over
173,misal
174,harganya,harga
175,rb,ribu
176,penghitungannya,hitung
177,lalu
178,masi,masih
179,yg,yang
180,harus
181,dibayar
182,juga
183,rizka
184,tunggu
185,d,di
186,htel,hotel
187,y,ya
188,say,sayang
189,opn,open
190,include
191,ptongn,potongan
192,k
193,amp
194,hnya,hanya
195,rabu
196,jumt,jumat
197,season
198,greetings
199,tia
200,per
201,hari
202,gede,besar
203,lumayanlah,lumayan
204,kutergiurrrr,tergiur
205,cgv
206,cinemas
207,kini
208,hadir
209,icon
210,dapatkan,dapat
211,untuk
212,pembelian,beli
213,min,minimal
214,tiket
215,nonton
216,melalui
217,aplikasi
218,web
219,goers
220,dengan
221,menggunakan,pakai
222,kode
223,voucher
224,fansite
225,kyknya,seperti
226,soalnya,sebab
227,pun
228,po,order
229,ntar,nanti
230,pas,saat
231,ready,siap
232,belom,belum
233,ems
234,tax
235,anjer,anjir
236,kereta
237,api
238,pakai
239,epay
240,bri
241,trx,transaksi
242,rprb,ribu
243,info
244,lengkap
245,buat,untuk
246,kalian
247,bisa
248,jajan
249,alfamart
250,cek
251,dulu
252,katalog
253,belanja
254,periode
255,november
256,mana
257,tau,tahu
258,produk
259,pengen,ingin
260,lihat
261,selengkapnya,lengkap
262,disini
263,starbucks
264,minuman
265,holiday
266,special
267,tumbler
268,mug
269,kartu
270,kredit
271,bca
272,syarat
273,ketentuan
274,lengkapnya,lengkap
275,sempurnakan,sempurna
276,alat
277,dapurmu,dapur
278,peralatan
279,dapur
280,kamu
281,butuhkan
282,hingga
283,gt
284,handmaid
285,s
286,tale
287,belum
288,ketemu
289,miinn,admin
290,buku
291,paling
292,dicari,cari
293,temen,teman
294,gue,saya
295,nitip,titip
296,temennya,teman
297,hongkong
298,doang,saja
299,tjoy,kawan
300,np
301,masuk
302,gelanggang
303,samudra
304,sampe,sampai
305,nov,november
306,kalok,kalau
307,minta
308,telponnyaaaa,telpon
309,berkali
310,kaliii,kali
311,giliran,saat
312,diminta,minta
313,pelunasan
314,slow
315,respond
316,not
317,feeling
318,well
319,bhaiqueee,baik
320,saya
321,jugak,juga
322,ngeluarin,keluar
323,duit,uang
324,jugakkk,juga
325,paaakk,bapak
326,prime
327,gears
328,beri
329,menarik
330,helm
331,arai
332,taichi
333,komine
334,imos
335,kunjungi
336,showroom
337,kami
338,bergabunglah
339,menjadi
340,member
341,mendapatkan,dapat
342,manfaat
343,seumur
344,yaallah,astaga
345,sudah
346,teracuni,terhasut
347,shopee
348,nggak,tidak
349,nih
350,tiba
351,dapat
352,gocar
353,komik
354,gila
355,an
356,plis,mohon
357,sesuai
358,janji
359,beberapa
360,program
361,big
362,thank
363,you
364,sale
365,seluruh
366,indonesia
367,sepanjang,selama
368,spesial
369,sastra
370,longdress
371,polos
372,renda
373,ukuran
374,tercantum
375,gambar
376,accessories,aksesoris
377,bahan
378,ecer,eceran
379,pcs,paket
380,reseller
381,welcome
382,contact
383,check
384,bio
385,berbagai
386,marchendise,merchandise
387,tipe
388,x
389,sini
390,acee
391,mega
392,wan
393,na
394,one
395,album
396,set
397,won
398,aslinya,asli
399,trus,lalu
400,kihno
401,ver,versi
402,should
403,i
404,buy
405,all
406,of
407,them
408,sdh,sudah
409,dcoba,dicoba
410,berulang
411,malah
412,bs,bisa
413,pilih
414,schedule
415,poinnya
416,gk,tidak
417,benar
418,systemnya,sistem
419,kah
420,cardholders
421,jangan
422,lupa
423,yah,ya
424,kalau
425,traveling
426,ingat
427,qatar
428,airways
429,karena
430,sedang
431,apalagi
432,rekumem,rekomendasi
433,mas
434,gmn,bagaimana
435,bli,beli
436,spy,supaya
437,dpet,dapat
438,salah
439,baca
440,espresso
441,sy,saya
442,menghabiskan,habis
443,pulsa
444,sekitar
445,ribuan,ribu
446,isi
447,coin,koin
448,storial
449,terlalu
450,berasa,terasa
451,coinnya,koin
452,nyicil,cicil
453,kantong
454,tak,tidak
455,sobek
456,kok
457,bakalan,akan
458,pake,pakai
459,btn
460,bekerja
461,korea
462,tourism
463,organization
464,kto
465,menggelar
466,promosi
467,amsterdam
468,teramat,sangat
469,menyenangkan,senang
470,kembali
471,batik
472,dari
473,website
474,code,kode
475,pragiwaksono
476,akan
477,dapet,dapat
478,membandingkan,banding
479,yaumul
480,boleh
481,asal
482,mengenalku,kenal
483,seumuran,sebaya
484,dirinya,diri
485,anti
486,katanya,menurut
487,dunia
488,seluruhnya,seluruh
489,milik
490,bersama
491,hai
492,millenials
493,bogor
494,botani
495,square
496,mulai
497,lusa
498,kunjunganmu,kunjungan
499,libur
500,halo,hai
501,adakah
502,go
503,prive
504,shirt
505,lg,lagi
506,ongkirnya,ongkir
507,w,saya
508,kuat
509,sendiri
510,oktober
511,pemesanan
512,via
513,kai
514,access
515,center
516,tidak
517,dikenakan
518,biaya
519,channel
520,orang
521,diborong,beli
522,ngitung,hitung
523,berapa
524,setelah
525,dipotong
526,tetep,tetap
527,ngga,tidak
528,oh
529,kirain,kira
530,lho
531,new
532,taipei
533,city
534,didiskon,diskon
535,spt,seperti
536,diatas,atas
537,bayar
538,gitu
539,bukan
540,hweee,nangis
541,jual
542,serba
543,islam
544,tanah
545,jawa
546,pen
547,paw
548,menjual
549,kaos
550,branded,merk
551,item
552,buruan
553,add
554,ea
555,indocomtech
556,cashback
557,pukpuk,sabar
558,mimin,admin
559,khusnudzon
560,petuah
561,leluhur
562,hi,hai
563,jawab
564,dipakai,pakai
565,cuci
566,ac
567,format
568,nama
569,spasi
570,kota
571,jawaban,jawab
572,tunik
573,marbella
574,gambarnya,gambar
575,dropship
576,temanmu,teman
577,baru
578,mengirimkan,kirim
579,besar
580,besaran,besar
581,nginap,menginap
582,hotel
583,peserta
584,bpjs
585,cuma
586,setengah
587,lainnya,lain
588,ditawarkan,tawar
589,pesonna
590,semarang
591,belut
592,prima
593,cak,bapak
594,wanto
595,sip
596,belinya,beli
597,ojol,ojek
598,suka
599,ngasi,kasih
600,mabelasrebu,15000
601,selamat
602,mbk,ibu
603,ami
604,malinso
605,hadiah
606,parfum
607,the
608,agung
609,sagung
610,indah
611,absari
612,group
613,lolos
614,dpt,dapat
615,yeyy,bahagia
616,higher
617,mb,ibu
618,fokus
619,adalah
620,awalnya,awal
621,black
622,friday
623,app
624,store
625,apple
626,biasanya,biasa
627,nga,tidak
628,bingung
629,lt
630,olshop
631,biasa
632,eg,contoh
633,full
634,siapapun
635,tolong
636,akuuu,saya
637,udah,sudah
638,dibuka,buka
639,yaa,ya
640,up
641,terkait
642,merchant
643,silahkan
644,konfirmasikan,konfirmasi
645,ke
646,pihak
647,informasi
648,kredivo
649,lakukan
650,pada
651,transaksi
652,pertama
653,salam
654,hangat
655,juventus
656,upayakan
657,juan
658,mata
659,manchester
660,united
661,octosave
662,diperpanjang
663,nikmatin,nikmati
664,maks,maksimal
665,juta
666,semua
667,mister
668,aladin
669,sampai
670,ayo
671,pesan
672,toko
673,bener,benar
674,dia
675,to,hingga
676,tapiiiii,tapi
677,ditinggin,tinggi
678,kali
679,lipat
680,kan
681,jadinya,jadi
682,hmm
683,gintama
684,btw,eh
685,wingstop
686,keluarin
687,ultah
688,yak,ya
689,nawar,tawar
690,sadis
691,amat
692,laaaaaaah,lah
693,friends,kawan
694,mampir
695,booth
696,cari
697,gadget
698,terkini
699,dgn,dengan
700,luar
701,hall
702,a
703,jcc
704,senayan
705,brands,merk
706,sekelas
707,fossil
708,fujifilm
709,siap
710,bikin,buat
711,menjerit,jerit
712,gimana
713,enggak,tidak
714,semuanya,semua
715,bakal,akan
716,kebagian
717,kehabisan
718,happy
719,halloween
720,saatnya
721,menikmati,nikmati
722,treats
723,week
724,handphone
725,tablet
726,penawaran,tawar
727,spesialnya
728,dijamin,jamin
729,merinding
730,tampil
731,butuh
732,pilihan
733,tentunya,tentu
734,girls
735,office
736,look
737,kece,menarik
738,brand,merk
739,ternama
740,seperti
741,melissa
742,lain
743,penampilanmu,penampilan
744,oke
745,tambahan
746,hey,halo
747,bro,kawan
748,vga
749,card
750,nvidia
751,ekstra
752,hinga,hingga
753,sebelum
754,discount,diskon
755,period,periode
756,due,sebab
757,their
758,openingnya
759,so
760,jaksel
761,males,malas
762,translate
763,kemaren,kemarin
764,uniqlo
765,sency
766,semingguan
767,toyota
768,hub,hubungi
769,misalkan,misal
770,ace
771,hardware
772,samarinda
773,bigers
774,gunakan
775,ps
776,online
777,bagaiamanakh,bagaimana
778,breadlife
779,pay
780,for
781,debit
782,flazz
783,sakuku,saku
784,gajian
785,banget,sangat
786,siang
787,bareng,bersama
788,sahabat
789,tom
790,nikmati
791,mirota
792,tuh
793,emang
794,harusnya
795,bahas
796,gini
797,dimana
798,buru
799,kmrn,kemarin
800,bad
801,wolf
802,bbw
803,jastip
804,dr
805,lumayan
806,impornya
807,anw
808,jastipnya
809,nanti
810,blg,bilang
811,terus,lalu
812,cariin,cari
813,getoh,gitu
814,join
815,nibras
816,berikut
817,ketentuannya
818,malu
819,chat
820,perlu
821,ketahui
822,merupakan
823,bagi
824,pelaku
825,e
826,commerce
827,hal
828,disebabkan
829,jatuh
830,pengujung
831,data
832,criteo
833,saja
834,sis
835,yes
836,tas
837,cakep
838,eba
839,tersedia
840,warna
841,siss,sis
842,mauu,mau
843,besok
844,bang
845,klo,kalau
846,get
847,diskonmarvel
848,avengers
849,infinity
850,war
851,t
852,style
853,navy
854,awal
855,link
856,line
857,hehe,ketawa
858,sepenuhnya
859,is
860,gw,saya
861,cmn,hanya
862,mac
863,tp,tapi
864,grameds
865,terbitan
866,gramedi,gramedia
867,gramedia
868,pengguna
869,brizzi
870,mari
871,rayakan
872,ulang
873,joiceqanmxnt
874,paket
875,ruangbelajar
876,mobile
877,syaratnya
878,gampang
879,kangmas
880,diajeng
881,cukup
882,datang
883,memakai
884,baju
885,hitam
886,outlet
887,geprekboss
888,subha
889,foodfest
890,galeria
891,ditempat
892,boss
893,tanggal
894,dilazada
895,heii
896,otwlovers
897,martabak
898,manis
899,cobain
900,mhn
901,penjlsan
902,sbsr
903,hilang
904,padahal
905,seru
906,wrp
907,selaku
908,penjualnya
909,naikin
910,normal
911,haha,ketawa
912,iluni
913,mm
914,ui
915,selasar
916,present
917,ceo
918,talks
919,seminar
920,management
921,insight
922,leading
923,sebut
924,kumparan
925,tunjukan
926,bahwa
927,punya
928,saat
929,acara
930,register
931,now
932,only
933,astaghfirullah
934,grabfood
935,nabungnya
936,pecinta
937,desain
938,jasa
939,logo
940,brosur
941,kalender
942,iklan
943,sse
944,pelayanan
945,terbaik
946,hubungi
947,assegaf
948,kedua
949,kalinya
950,garpu
951,kecilnya,kecil
952,karna,karena
953,garpunya
954,diikutsertakan
955,dibeli
956,ribu
957,esteh
958,krupuk
959,kadang
960,gorengan
961,hhh
962,nutella
963,picu
964,kekacauan
965,prancis
966,woodskin
967,yellow
968,sq
969,size
970,cm
971,setiap
972,ukhty
973,orange
974,ingin
975,traktir
976,lunch
977,teman
978,sekantor
979,restorannya
980,pizza
981,hut
982,tukarkan
983,bata
984,mix
985,brown
986,diam
987,gatau
988,mocca
989,liburan
990,weekend
991,cus
992,manfaatkan
993,promonya
994,love
995,rt
996,tweet
997,tunjukkan
998,loket
999,kita
1000,htm
1001,trans
1002,studio
1003,bandung
1004,dipasar
1005,pernh
1006,cuy
1007,boothnya
1008,bni
1009,cicilan
1010,yakin
1011,kq
1012,kemarin
1013,gramed
1014,dot
1015,com
1016,sekali
1017,sayangnya
1018,masukin
1019,nomor
1020,passpor
1021,which
1022,literally
1023,bangbew
1024,expired
1025,yaudah
1026,dikit
1027,travel
1028,agen
1029,elektronik
1030,shopping
1031,days
1032,maksudnya
1033,ongkir
1034,mba
1035,semalem
1036,maybelline
1037,pore
1038,eraser
1039,sm
1040,mascara
1041,tahan
1042,aq,saya
1043,tuch,tuh
1044,satu
1045,jg
1046,informasikan
1047,kupon
1048,digunakan
1049,user
1050,pernah
1051,melakukan
1052,manapun
1053,aduhhhhhh
1054,rsb
1055,telah
1056,bekerjasama
1057,ratusan
1058,ketiga
1059,utk
1060,diberi
1061,kemudahan
1062,dalan
1063,bertransaksi
1064,jd
1065,khawatir
1066,tahu
1067,lebih
1068,jauh
1069,segera
1070,gabung
1071,rezeki
1072,sejuta
1073,bintang
1074,da
1075,baruuu
1076,anget
1077,tengok
1078,yuuuu
1079,akasia
1080,wedges
1081,guysss
1082,jual_beli
1083,kicaupromo
1084,flash
1085,sana
1086,watercolor
1087,paper
1088,dimulai
1089,redpm
1090,sore
1091,reddoorz
1092,engggaaa,tidak
1093,sepatu
1094,limited
1095,jepang
1096,medit
1097,pol
1098,menyukai
1099,penghematan
1100,follow
1101,diskonevoucher
1102,krn
1103,berguna
1104,terapkan
1105,konsumsi
1106,syariah
1107,biarkan
1108,tungguin
1109,penting
1110,setia
1111,____
1112,seafood
1113,lovers
1114,menu
1115,berbeda
1116,cost
1117,basement
1118,tm
1119,mangga
1120,mengawali
1121,bakso
1122,tulang
1123,iga
1124,yukk
1125,cash
1126,baso
1127,moo
1128,sebesar
1129,reward
1130,selanjutnya
1131,sangat
1132,jarang
1133,temukan
1134,update
1135,apps
1136,maen,main
1137,game
1138,dell
1139,it
1140,galeri
1141,canon
1142,scan
1143,qr
1144,klik
1145,linknya
1146,download
1147,skrg,sekarang
1148,menginap
1149,berupa
1150,redcash
1151,senilai
1152,klinik
1153,kiara
1154,healthcare
1155,desember
1156,mu
1157,guru
1158,bakti
1159,kasihmu
1160,pemeriksaan
1161,medis
1162,laboratorium
1163,headphone
1164,jvc
1165,mini
1166,ringan
1167,ringkas
1168,lelang
1169,jakarta
1170,convention
1171,beneran
1172,kaga
1173,jago
1174,walau
1175,uda,sudah
1176,doyan
1177,bawaannya
1178,ngemall
1179,hobi
1180,ganti
1181,ahah,ketawa
1182,ajah,saja
1183,kehadiran
1184,pmps
1185,pasar
1186,malam
1187,perayaan
1188,sekaten
1189,anjungan
1190,pemkot
1191,yogyakarta
1192,photo
1193,taman
1194,pule
1195,cuss,yuk
1196,gaes,kawan
1197,gass,yuk
1198,aces
1199,memasuki
1200,manjakan
1201,spektakuler
1202,smart
1203,ways
1204,living
1205,utama
1206,hematnya
1207,lewat
1208,reservasi
1209,restoran
1210,plus
1211,ordinary
1212,kepo,penasaran
1213,grhr
1214,keracunan,hasut
1215,dibilang
1216,bagus
1217,huhu,sedih
1218,duh
1219,mayan
1220,shae
1221,nungguin
1222,concealer
1223,hemat
1224,beb
1225,uang
1226,sebulan
1227,iyaa
1228,why
1229,menurut
1230,fa
1231,kinclong
1232,mereka
1233,berdua
1234,bow
1235,okenya
1236,kepikiran
1237,primer
1238,paginya
1239,kumau
1240,kata
1241,mamah
1242,begini
1243,disebut
1244,rejeki
1245,hahahah
1246,tulah
1247,perasan
1248,kot
1249,hb
1250,eee
1251,untung
1252,ah
1253,centu
1254,bestnyeee
1255,detikcom
1256,siaran
1257,pers
1258,pemegang
1259,home
1260,fashion
1261,bazaar
1262,perennials
1263,fasilitas
1264,kahh
1265,waktunya
1266,mengganti
1267,springbed
1268,dap
1269,fair
1270,gledek
1271,pesawat
1272,tanpa
1273,samber
1274,tiketmu
1275,prapesan
1276,mencari
1277,bali
1278,berubah
1279,ngurah
1280,suryawan
1281,tebal
1282,hlmn
1283,jenis
1284,etnografi
1285,whatsapp
1286,cobaan
1287,persen
1288,tgl
1289,menangos
1290,semoga
1291,dah
1292,kl
1293,sisa
1294,shinzui
1295,sering
1296,alfa
1297,indo
1298,wkwk
1299,kampanye
1300,kamis
1301,mendatang
1302,hushpuppiesid
1303,calm
1304,your
1305,day
1306,with
1307,blue
1308,chow
1309,oxford
1310,keren
1311,park
1312,lantai
1313,bnyk
1314,bonus
1315,goda
1316,pembeli
1317,smartphone
1318,ilmu
1319,fungsinya
1320,beda
1321,bib
1322,tanya
1323,ma
1324,emak
1325,percaya
1326,opo
1327,tltsn
1328,de
1329,model
1330,flatshoesnya
1331,ngasih
1332,masa
1333,maiyah
1334,sempet
1335,gotix
1336,seneng
1337,akutu
1338,membawa
1339,pendamping
1340,merasakan
1341,brithday
1342,suprise
1343,weekday
1344,legging
1345,airism
1346,enak
1347,yatuhaann
1348,pula
1349,bioglass
1350,jt
1351,kalung
1352,aura
1353,wahh
1354,email
1355,sms
1356,nyuruh
1357,lewatkan
1358,kesempatan
1359,seputar
1360,stan
1361,cobra
1362,dental
1363,foril
1364,xii
1365,balai
1366,kartini
1367,serta
1368,off
1369,railink
1370,guys
1371,bantu
1372,retweet
1373,ot
1374,dijual
1375,tempat
1376,tidur
1377,double
1378,bed
1379,anak
1380,hasil
1381,penjualan
1382,disumbangkan
1383,korban
1384,bencana
1385,gempa
1386,lombok
1387,palu
1388,nia
1389,dongeng
1390,jum
1391,at
1392,berkah
1393,stay
1394,tune
1395,yaaa
1396,selengkapnyaa
1397,langanan
1398,ayamnya
1399,komplain
1400,seenaknya
1401,kantor
1402,ngurus
1403,peninggi
1404,badan
1405,grosir
1406,invit
1407,ad
1408,marga
1409,kasi
1410,kompensasi
1411,jalan
1412,tolnya
1413,seharusnya
1414,macet
1415,parah
1416,tol
1417,kayak
1418,gitulah
1419,hahaha
1420,perbaikan
1421,penambahan
1422,berbayar
1423,berharap
1424,kendaraanya
1425,bebas
1426,hambatan
1427,open
1428,pre
1429,cerita
1430,tentang
1431,dp
1432,ikut
1433,nkcthi
1434,biografi
1435,empat
1436,imam
1437,mazhab
1438,ketiak
1439,berkeringat
1440,mengeluarkan
1441,aroma
1442,sedap
1443,pasti
1444,nyaman
1445,kaan
1446,cegah
1447,activell
1448,miss
1449,giordani
1450,gold
1451,deodorant
1452,roll
1453,on
1454,oriflame
1455,membuat
1456,beraktivitas
1457,sssttt
1458,lhooo
1459,tiptop
1460,jsm
1461,pekan
1462,lemah
1463,jaket
1464,sneakers
1465,anyway
1466,siapin
1467,saldo
1468,tcash
1469,deretan
1470,local
1471,clothing
1472,yup
1473,ohlins
1474,tawarkan
1475,motor
1476,matik
1477,hooh
1478,borong
1479,wkwkwkwk
1480,blibli
1481,otomotif
1482,tadi
1483,pagi
1484,uts
1485,terakhir
1486,balik
1487,asrama
1488,nyuci
1489,sengaja
1490,makeover
1491,tertarik
1492,youtube
1493,nyari
1494,shade
1495,wkwkwk
1496,tenang
1497,paham
1498,rasanya
1499,kaya
1500,main
1501,mode
1502,gatcha
1503,jaman
1504,disuruh
1505,mimpi
1506,disiang
1507,bolong
1508,diomelin
1509,melulu
1510,mamak
1511,cina
1512,gara
1513,listrik
1514,akhirnya
1515,mantap
1516,ditunggu
1517,harbolnas
1518,awas
1519,ngadain
1520,branch
1521,action
1522,atas
1523,cabang
1524,upa
1525,bank
1526,partner
1527,silakan
1528,tautan
1529,ali
1530,tiens
1531,trs
1532,horror
1533,buk
1534,hihi
1535,akh
1536,lyke
1537,kasih
1538,misteo
1539,berarti
1540,tokonya
1541,gagitu
1542,emg
1543,sihhh
1544,tpi
1545,setengahnya
1546,nyesek
1547,ampe
1548,ubun
1549,kecil
1550,aslinua
1551,segituuu
1552,kaum
1553,diskonan
1554,wkwkwkwkwk
1555,uwu
1556,yha
1557,konveksi
1558,sweater
1559,poloshirt
1560,dll
1561,kelas
1562,sangkin
1563,masalah
1564,biar
1565,sma
1566,varian
1567,activelle
1568,borongs
1569,aaah
1570,bap
1571,si
1572,standar
1573,ky
1574,drpd
1575,nantikan
1576,kehadiranmu
1577,expo
1578,diselenggarakan
1579,ice
1580,bsd
1581,ka
1582,mawlah
1583,gewla
1584,anu
1585,guardian
1586,sheetmasknya
1587,nambah
1588,seceng
1589,duwa
1590,wahahahaha
1591,ngeliat
1592,superindo
1593,happyfresh
1594,customer
1595,emmm
1596,engga
1597,aih
1598,gamauuu
1599,dira
1600,jeketi
1601,bedas
1602,kirim
1603,dm
1604,alamat
1605,lo
1606,beh
1607,send
1608,menunggumu
1609,satunya
1610,msi
1611,payment
1612,pastikan
1613,saldonya
1614,supaya
1615,antrian
1616,panjaaaaaaannngggg
1617,etdah
1618,cem
1619,segala
1620,rnb
1621,raisha
1622,stelan
1623,rok
1624,n
1625,blus
1626,allsize
1627,walaupun
1628,kimochi
1629,me
1630,ketika
1631,kumpulkan
1632,menantimu
1633,campaign
1634,terbaru
1635,dilihat
1636,wedding
1637,exhibition
1638,banjir
1639,menemukan
1640,cp
1641,sesuatu
1642,cogan
1643,tawarin
1644,lah
1645,aneh
1646,modal
1647,menahan
1648,godaan
1649,tiap
1650,melihat
1651,tanda
1652,berbunyi
1653,makanan
1654,iman
1655,perut
1656,mbak
1657,kos
1658,nongkrong
1659,elit
1660,low
1661,budget
1662,dalam
1663,puisi
1664,suluk
1665,awang
1666,uwung
1667,transendensi
1668,teistik
1669,kuntowijoyo
1670,sajak
1671,serbuan
1672,langit
1673,makrifat
1674,daun
1675,kesukaan
1676,cepat
1677,out
1678,jaringan
1679,pengalaman
1680,berbelanja
1681,tinggal
1682,pasang
1683,alarm
1684,kecantikan
1685,sogo
1686,department
1687,nasabah
1688,face
1689,body
1690,slimming
1691,kombinasi
1692,mesin
1693,suntik
1694,meso
1695,beauderm
1696,moi
1697,kelapa
1698,gading
1699,bellezza
1700,permata
1701,hijau
1702,tlp
1703,more
1704,terlanjur
1705,checkout
1706,incer
1707,dompet
1708,inget
1709,ludes
1710,jajanin
1711,adekku
1712,huhuhu
1713,para
1714,sastrawan
1715,taawudz
1716,undangan
1717,nikahan
1718,dua
1719,minggu
1720,selese
1721,dibaca
1722,risiko
1723,mahasiswa
1724,cah
1725,kerjo
1726,hape
1727,jae
1728,gaesss
1729,naik
1730,gopay
1731,yukkk
1732,kemana
1733,haru
1734,grup
1735,auditorium
1736,barjo
1737,universitas
1738,diponegoro
1739,lha
1740,koook
1741,ujungnya
1742,ilang
1743,entah
1744,ato
1745,diambil
1746,allah
1747,kucing
1748,kg
1749,sayang
1750,pdhl
1751,ihhhh
1752,mitsubishi
1753,ss
1754,colt
1755,diesel
1756,l
1757,strada
1758,triton
1759,pin
1760,fc
1761,ikutan
1762,selfie
1763,arasari
1764,gerai
1765,terdekat
1766,foto
1767,posting
1768,fotomu
1769,akun
1770,media
1771,sosial
1772,tag
1773,mention
1774,kang
1775,diwarnain
1776,astaga
1777,keknya
1778,mending
1779,delete
1780,artis
1781,papan
1782,selua
1783,sebelumnya
1784,merk
1785,sebelah
1786,berhubungan
1787,gedean
1788,alhasil
1789,woe
1790,knp
1791,bgs
1792,nota
1793,sepi
1794,abisnya
1795,disana
1796,kebanyakan
1797,sales
1798,kartukredit
1799,udh
1800,niat
1801,nivea
1802,keluar
1803,mukanya
1804,yunhyeong
1805,mo
1806,watson
1807,almost
1808,free
1809,cod
1810,jugaa
1811,point
1812,excelso
1813,menyeramkan
1814,excleso
1815,oa
1816,dapetin
1817,ug
1818,floor
1819,epm
1820,paan
1821,kebetulan
1822,uangnya
1823,tabung
1824,sedikit
1825,dikasih
1826,ibu
1827,asuransi
1828,kuota
1829,alokasi
1830,terduga
1831,hunting
1832,baeby
1833,dipuji
1834,hyung
1835,oops
1836,maaf
1837,mempan
1838,barusan
1839,ciwalk
1840,little
1841,things
1842,payless
1843,melu
1844,sek
1845,iki
1846,dadi
1847,sewa
1848,spalding
1849,tanktop
1850,polyester
1851,drifit
1852,lingkar
1853,dada
1854,ditawar
1855,tawar
1856,dibalas
1857,pickwear
1858,lap
1859,daniel
1860,pc
1861,hoodie
1862,nomer
1863,edc
1864,berlangganan
1865,belajar
1866,ruangguru
1867,elsandalfyunk
1868,sobat
1869,qismin
1870,sepertiku
1871,samgat
1872,menantikan
1873,detikfood
1874,setuju
1875,cinnnn
1876,foundie
1877,disaat
1878,sekarat
1879,mikir
1880,wb
1881,sungguh
1882,sebuah
1883,kelangkaan
1884,tersendiri
1885,noura
1886,berani
1887,senekat
1888,memberi
1889,sd
1890,terlewat
1891,momen
1892,langka
1893,yauda
1894,natal
1895,wet
1896,waterpark
1897,pembayaran
1898,pelit
1899,sabun
1900,mili
1901,maksimal
1902,mna
1903,ayoo
1904,lgi
1905,asik
1906,telponan
1907,gebetan
1908,habis
1909,bete
1910,bangetkan
1911,mudah
1912,telkomsel
1913,dinomarket
1914,komunikasi
1915,semakin
1916,lancar
1917,band
1918,bosen
1919,muka
1920,ntaran
1921,ye
1922,pelanggan
1923,tetap
1924,gapunya
1925,twitter
1926,igeh
1927,mingyu
1928,protection
1929,squad
1930,rai
1931,saingan
1932,mundur
1933,duluan
1934,lip
1935,tint
1936,seventeen
1937,apapun
1938,nda
1939,itung
1940,brg
1941,dg
1942,jugah
1943,begitoh
1944,kategori
1945,bayi
1946,lgsg
1947,ko
1948,vector
1949,art
1950,wajah
1951,jika
1952,cepet
1953,background
1954,custom
1955,pemandangan
1956,cetak
1957,figura
1958,staycation
1959,rebay
1960,use
1961,ribknqvph
1962,lu
1963,deket
1964,tekel
1965,sumpah
1966,bawa
1967,ayah
1968,begadang
1969,iye
1970,ntr
1971,dl
1972,apaan
1973,wonwoo
1974,mahal
1975,highlighter
1976,focallur
1977,tentulah
1978,ai
1979,menyianyiakan
1980,emas
1981,slot
1982,lokasi
1983,swisbell
1984,nerima
1985,bersedia
1986,grobmart
1987,ajaaa
1988,aman
1989,temenku
1990,novel
1991,riset
1992,lucu
1993,nangis
1994,kalkulator
1995,diskonannya
1996,hapus
1997,tangismu
1998,bedak
1999,gincumu
2000,luntur
2001,kebahagiaanmu
2002,wah
2003,trik
2004,beliin
2005,bapak
2006,kakek
2007,nenek
2008,pakde
2009,bude
2010,blm
2011,lansia
2012,jarak
2013,stasiun
2014,pp
2015,jgn
2016,form
2017,pisahin
2018,antara
2019,berangkat
2020,pulang
2021,gb
2022,memori
2023,mahu
2024,ingus
2025,nabung
2026,nes
2027,anjay
2028,nyandu
2029,switch
2030,damn
2031,usd
2032,dollar
2033,km
2034,booking
2035,haii
2036,aeon
2037,rangka
2038,berburu
2039,sushi
2040,catrice
2041,sunscreen
2042,biore
2043,cetaphile
2044,cream
2045,matte
2046,shadesnya
2047,idupku
2048,wanita
2049,daster
2050,hijab
2051,invite
2052,bb
2053,burger
2054,king
2055,dicek
2056,didownload
2057,bangeeeet
2058,waktu
2059,dev
2060,paradox
2061,gua
2062,eu
2063,dlc
2064,romnya
2065,seharga
2066,steam
2067,cs
2068,aow
2069,mn
2070,rs
2071,total
2072,dijumah
2073,berati
2074,spend
2075,bangsat
2076,samsung
2077,experince
2078,by
2079,nasa
2080,tertentu
2081,pura
2082,mbanya
2083,sik
2084,jualan
2085,dimintain
2086,konser
2087,lotteria
2088,bayarnya
2089,cb
2090,ayam
2091,nasi
2092,jngan
2093,namonyo
2094,suudhon
2095,almtnya
2096,djlan
2097,prof
2098,doktor
2099,maruf
2100,amin
2101,kemrin
2102,launching
2103,minat
2104,ntuk
2105,kelok
2106,ibo
2107,den
2108,padiahhhhh
2109,pan
2110,pengiriman
2111,antar
2112,antarkota
2113,sedih
2114,banya
2115,nunggu
2116,sas
2117,kuasa
2118,dipake
2119,cfc
2120,gegara
2121,jebol
2122,vnc
2123,inceran
2124,lanjut
2125,percuma
2126,aing
2127,paspor
2128,gmz
2129,lvl
2130,ternyata
2131,jambreng
2132,supermarket
2133,adasih
2134,mirip
2135,kosong
2136,kesini
2137,ttp
2138,mehong
2139,makananny
2140,lusin
2141,mengko
2142,yen
2143,lawan
2144,persib
2145,maneh
2146,dolan
2147,rene
2148,yoo
2149,nribun
2150,ngomong
2151,suroboyoan
2152,nang
2153,oleh
2154,akeh
2155,soale
2156,mamang
2157,viking
2158,ra
2159,ngapusi
2160,kelingan
2161,kudu
2162,ngguyu
2163,cover
2164,ta
2165,awudz
2166,bermanfaat
2167,membahagiakan
2168,keistimewaan
2169,pakuwon
2170,when
2171,u
2172,sendirian
2173,kamar
2174,ngapain
2175,gojek
2176,eastcoast
2177,vocer
2178,pilm
2179,xxi
2180,life
2181,good
2182,brah
2183,dont
2184,forget
2185,alhamdu
2186,lillah
2187,adaa
2188,holika
2189,q
2190,adeu
2191,duwit
2192,kebahagiaan
2193,skincare
2194,alhamdulillah
2195,cuman
2196,aer
2197,wudhu
2198,mulus
2199,soulmates
2200,vip
2201,room
2202,karokean
2203,jln
2204,pass
2205,depan
2206,pom
2207,bensin
2208,bukittinggi
2209,ronn
2210,pr
2211,kumpulin
2212,database
2213,pemiliknya
2214,menerima
2215,newsletter
2216,ebook
2217,mesti
2218,kreatif
2219,netizen
2220,pemikirannya
2221,kritis
2222,tumben
2223,dear
2224,best
2225,seller
2226,beralamat
2227,diperempatan
2228,cipasung
2229,singaparna
2230,outfit
2231,kuliah
2232,karet
2233,rambut
2234,cewe
2235,flannel
2236,cimolan
2237,kemeja
2238,bekas
2239,celana
2240,lea
2241,warisan
2242,kakak
2243,ipar
2244,boxer
2245,ngembat
2246,kolor
2247,badminton
2248,bokap
2249,converse
2250,taon
2251,terpercaya
2252,mal
2253,jeans
2254,jaringaniklan
2255,ori
2256,segitu
2257,manjiw
2258,andai
2259,orgnya
2260,meninggikan
2261,sport
2262,station
2263,banana
2264,sang
2265,pisang
2266,dus
2267,rasa
2268,stroberi
2269,coklat
2270,hematku
2271,tangan
2272,gatel
2273,hadeeh
2274,jokes
2275,nah
2276,saban
2277,lucky
2278,spin
2279,poin
2280,extra
2281,tu
2282,belik
2283,token
2284,pln
2285,undian
2286,redeem
2287,terpinter
2288,handai
2289,taulan
2290,jan
2291,dianggurin
2292,benefit
2293,expand
2294,berhadiah
2295,tokopedia
2296,halaman
2297,masukkan
2298,tpgil
2299,ayu
2300,maunya
2301,nemenin
2302,itupun
2303,wahahahahah
2304,jadilah
2305,mencakar
2306,uwuwu
2307,eksklusif
2308,musik
2309,kejutan
2310,guns
2311,roses
2312,stadion
2313,gelora
2314,bung
2315,karno
2316,aplikasinya
2317,counter
2318,spot
2319,coba
2320,hoki
2321,apply
2322,saksikan
2323,penampilan
2324,tiketnya
2325,bcagnr
2326,virtual
2327,account
2328,klikpay
2329,tergantung
2330,impian
2331,maka
2332,pergilah
2333,usa
2334,pusing
2335,ditambah
2336,selalu
2337,nyx
2338,soft
2339,lipcream
2340,original
2341,tipu
2342,kolom
2343,comment
2344,erafone
2345,pondok
2346,duta
2347,banjarmasin
2348,plaza
2349,ambarrakumo
2350,mandiri
2351,postingiklan
2352,daerah
2353,jabodetabek
2354,ciputra
2355,clearance
2356,intip
2357,daftarnya
2358,pingin
2359,keberatan
2360,kambing
2361,daging
2362,ikan
2363,ia
2364,secara
2365,mengirit
2366,pengeluaran
2367,berada
2368,genggamannya
2369,pergi
2370,mansion
2371,tentu
2372,bh
2373,pelajar
2374,jualbh
2375,shoesource
2376,additional
2377,red
2378,items
2379,askmf
2380,kudet
2381,maksud
2382,shpee
2383,official
2384,zara
2385,ijenorensdistro
2386,atribut
2387,merchandise
2388,pusamania
2389,dtg
2390,toserba
2391,yogya
2392,daftar
2393,apparel
2394,kuda
2395,put
2396,hahahahaha
2397,holland
2398,bakery
2399,crepes
2400,segalanya
2401,mastercard
2402,visa
2403,giant
2404,gpp
2405,hypermart
2406,klarjoan
2407,fast
2408,respon
2409,koleksi
2410,terpopuler
2411,gilaan
2412,merek
2413,dapatin
2414,terlewatkan
2415,dinolovers
2416,tingkatkan
2417,strap
2418,galaxy
2419,watch
2420,kontrol
2421,aktivitas
2422,langkah
2423,begitu
2424,elegan
2425,mewah
2426,fotografi
2427,abadikan
2428,mirrorless
2429,camera
2430,tajam
2431,kualitas
2432,miliki
2433,paris
2434,cap
2435,baha
2436,sebagai
2437,metode
2438,bismillah
2439,sharing
2440,detergen
2441,ramah
2442,lingkungan
2443,hni
2444,green
2445,wash
2446,sachet
2447,perak
2448,sebungkus
2449,couple
2450,gamis
2451,krisna
2452,sepasang
2453,gatse
2454,oliv
2455,wkwkkk
2456,stengah
2457,puj
2458,wkwkkwkw
2459,krna
2460,wuih
2461,fm
2462,keliatannya
2463,ok
2464,neh
2465,alfamidi
2466,sob
2467,unik
2468,karakter
2469,terasa
2470,service
2471,tunas
2472,bmw
2473,solusinya
2474,berrybenka
2475,duga
2476,nyesel
2477,milih
2478,markobar
2479,geser
2480,xi
2481,b
2482,berat
2483,togel
2484,pinbb
2485,eaefff
2486,tips
2487,travelers
2488,senangnya
2489,kepalang
2490,berhasil
2491,membungkus
2492,murahnya
2493,kebangetan
2494,agar
2495,sukses
2496,sepeti
2497,disiapkan
2498,regis
2499,akulku
2500,refferal
2501,tvtwvh
2502,aktifkan
2503,limit
2504,kreditnya
2505,sebanyak
2506,gbayar
2507,samsek
2508,dek
2509,dian
2510,yaaaa
2511,kembaran
2512,jamnya
2513,yuks
2514,melesat
2515,koar
2516,ahirnya
2517,utang
2518,dilupakan
2519,tagihan
2520,suramadu
2521,hobinya
2522,heboh
2523,ngibul
2524,membeli
2525,pacaran
2526,mulu
2527,diem
2528,rumah
2529,ih
2530,mcd
2531,tebing
2532,pantai
2533,jogging
2534,bajunya
2535,sucipto
2536,from
2537,swimmer
2538,selagi
2539,ketinggalan
2540,catat
2541,tanggalnya
2542,potongan
2543,atasan
2544,dibukalapak
2545,wts
2546,totebag
2547,dicarefour
2548,gasalah
2549,hiw
2550,ekspres
2551,berakhir
2552,kue
2553,khas
2554,betawi
2555,mika
2556,macem
2557,klepon
2558,talam
2559,lupis
2560,enakkkk
2561,sekitaran
2562,jagakarsa
2563,jak
2564,sel
2565,dibutuhin
2566,solusi
2567,kusut
2568,susah
2569,diatur
2570,aaaah
2571,diskonnya
2572,eleo
2573,protecting
2574,oil
2575,otak
2576,berkerjasama
2577,keinganan
2578,turutin
2579,en
2580,perhitungan
2581,brp
2582,memang
2583,ump
2584,bawah
2585,tuntutan
2586,federasi
2587,buruh
2588,tetapi
2589,tj
2590,sehat
2591,maupun
2592,kawan
2593,mendapat
2594,dituntut
2595,lmusikgnr
2596,bookmyshow
2597,cafe
2598,docco
2599,beverage
2600,food
2601,berlokasi
2602,simaspoin
2603,capt
2604,opening
2605,captain
2606,kerang
2607,saharjo
2608,tebet
2609,selatan
2610,berlabuh
2611,taksi
2612,bluebird
2613,silverbird
2614,my
2615,visabb
2616,prnh
2617,bohong
2618,bnr
2619,potongannya
2620,dahsyat
2621,cocok
2622,lulusan
2623,umum
2624,eac
2625,elti
2626,sabirin
2627,hadidarsono
2628,arek
2629,suroboyo
2630,umroh
2631,surabaya
2632,jeddah
2633,garuda
2634,airlines
2635,rencanakan
2636,favoritmu
2637,bawahan
2638,adanya
2639,tua
2640,gathering
2641,arisan
2642,kumpul
2643,jumlah
2644,yaitu
2645,citilink
2646,seat
2647,meals
2648,rute
2649,namun
2650,kerjasama
2651,janet
2652,event
2653,bo
2654,ngaku
2655,dikatain
2656,abisan
2657,kocak
2658,almamaternya
2659,terkenal
2660,se
2661,mampu
2662,tugas
2663,duitnya
2664,nature
2665,balm
2666,coconut
2667,melon
2668,mango
2669,omg
2670,skali
2671,bibir
2672,kering
2673,terkelupas
2674,stok
2675,vinca
2676,barangnya
2677,komentar
2678,stock
2679,real
2680,pict
2681,sling
2682,valley
2683,detail
2684,chloe
2685,hot
2686,area
2687,sumbar
2688,selain
2689,every
2690,think
2691,will
2692,be
2693,fine
2694,triknya
2695,kalap
2696,namanya
2697,meski
2698,lebaran
2699,sender
2700,seingetku
2701,ngecek
2702,bukannya
2703,fit
2704,lago
2705,buruannnn
2706,play
2707,la
2708,tix
2709,id
2710,numpang
2711,punyaku
2712,nqww
2713,gapernah
2714,cukyup
2715,rangkaian
2716,disemua
2717,griya
2718,pegi
2719,yamaha
2720,xx
2721,wkwwk
2722,fs
2723,nyampe
2724,slogan
2725,boros
2726,kosmetik
2727,membantu
2728,kebutuhan
2729,bulanan
2730,sign
2731,rpk
2732,nyobain
2733,deo
2734,swalayan
2735,sbm
2736,referalku
2737,abdullahtdviln
2738,_yusufmi
2739,yusuf
2740,mengenai
2741,ditukarkan
2742,telepon
2743,internet
2744,digital
2745,nada
2746,dering
2747,konten
2748,dengab
2749,memiliki
2750,yang_yusuf
2751,kinasih
2752,songket
2753,nanya
2754,apakah
2755,penumpang
2756,terima
2757,garnet
2758,keindahannya
2759,elo
2760,nir
2761,help
2762,power
2763,destiny
2764,poster
2765,diusahakan
2766,fix
2767,price
2768,draw
2769,freebies
2770,pertengahan
2771,kyanite
2772,safir
2773,berkualitas
2774,memo
2775,keaslian
2776,testimoni
2777,reveline
2778,serum
2779,sekian
2780,lupaa
2781,ngegas
2782,eks
2783,rugi
2784,dilewatkan
2785,kayanya
2786,kartuku
2787,hhe
2788,gorden
2789,smokering
2790,lembar
2791,lusinan
2792,ciiynn
2793,semuaaaa
2794,jwr
2795,detailnya
2796,simak
2797,hsbc
2798,tyas
2799,sweatshirt
2800,pink
2801,airasia
2802,len
2803,menangis
2804,darah
2805,balikin
2806,klu
2807,tuker
2808,buktikan
2809,kecintaan
2810,rosda
2811,juara
2812,landmark
2813,ramekeun
2814,persibday
2815,lurrr
2816,jersey
2817,authentic
2818,replica
2819,ngelirik
2820,cowo
2821,depannya
2822,encim
2823,diputer
2824,traveloka
2825,periplus
2826,bidakara
2827,iseng
2828,sekalian
2829,drop
2830,osnya
2831,ml
2832,makenya
2833,diolesin
2834,luka
2835,melatih
2836,ngingetin
2837,suruh
2838,fu
2839,dress
2840,makau
2841,super
2842,fladish
2843,doong
2844,sampel
2845,resto
2846,vouchernyaaa
2847,dooong
2848,jaga
2849,friend
2850,if
2851,meet
2852,that
2853,kind
2854,person
2855,buang
2856,got
2857,ditemenin
2858,muda
2859,ngapa
2860,preorder
2861,ahmad
2862,syafii
2863,maarif
2864,politik
2865,upaya
2866,membingkai
2867,peradaban
2868,borneo
2869,paradiso
2870,jtaan
2871,kpr
2872,budiman
2873,prioritas
2874,turun
2875,john
2876,steinbeck
2877,raksasa
2878,bermata
2879,biru
2880,nazim
2881,hikmet
2882,penerjemah
2883,bernando
2884,j
2885,sudjibto
2886,berumah
2887,mawardi
2888,esai
2889,kisah
2890,jeli
2891,manalu
2892,cerpen
2893,insiden
2894,kuil
2895,ben
2896,okri
2897,sangkolan
2898,celurit
2899,sabit
2900,roz
2901,ekki
2902,tuhan
2903,umur
2904,org
2905,macam
2906,kau
2907,rban
2908,manaa
2909,hayu
2910,ramaikeun
2911,wismis
2912,memperlihatkan
2913,kta
2914,kedai_mistis
2915,we
2916,are
2917,kedai
2918,mistis
2919,ciawitali
2920,rata
2921,ngomongin
2922,twice
2923,makeup
2924,distiker
2925,pap
2926,suzuki
2927,ignis
2928,seri
2929,gl
2930,gx
2931,tertera
2932,rendah
2933,sjafruddin
2934,prawiranegara
2935,pemikiran
2936,ekonomi
2937,edi
2938,sudrajat
2939,yahh
2940,kooo
2941,cuz
2942,bye
2943,klaim
2944,penipuan
2945,internal
2946,oyaa
2947,grand
2948,kapaan
2949,menanti
2950,air
2951,molor
2952,aliranya
2953,dirugikan
2954,hallo
2955,booklovers
2956,save
2957,books
2958,beyond
2959,bukunya
2960,ovo
2961,merapat
2962,nder
2963,sh
2964,ttt
2965,dibawah
2966,watsons
2967,unilevernya
2968,gajauh
2969,pokoknya
2970,kzl
2971,himalay
2972,taunya
2973,st
2974,ives
2975,maap
2976,ni
2977,curhat
2978,greget
2979,operasi
2980,plastik
2981,perjalanan
2982,perantara
2983,tokio
2984,marine
2985,mengantar
2986,tujuan
2987,eatigo
2988,pemburu
2989,pm
2990,thanks
2991,pilihanmu
2992,agak
2993,browsing
2994,battlefield
2995,paypal
2996,udahan
2997,hahahahahahahahahahah
2998,mothercare
2999,junior
3000,artist
3001,in
3002,making
3003,elc
3004,toys
3005,mainan
3006,bermain
3007,judi
3008,www
3009,androidd
3010,titik
3011,situs
3012,teraman
3013,ternyaman
3014,pasaran
3015,nasional
3016,kesukaanmu
3017,dishopee
3018,ndeerr
3019,hitung
3020,jerat
3021,jerit
3022,deals
3023,garskin
3024,csholic
3025,ˆˆ
3026,merapattt
3027,annnnnnnn
3028,chicking
3029,mania
3030,mamin
3031,minum
3032,paha
3033,mineral
3034,drink
3035,bakulsmg
3036,bimbingan
3037,muslim
3038,minimum
3039,selempan
3040,wow
3041,seriusan
3042,serius
3043,doooong
3044,and
3045,decker
3046,wm
3047,meja
3048,kerja
3049,portable
3050,klem
3051,soooo
3052,prediksi
3053,sydney
3054,angka
3055,colok
3056,tebak
3057,shio
3058,naga
3059,entertogel
3060,waterboom
3061,lippo
3062,cikarang
3063,ponta
3064,tshirt
3065,take
3066,manula
3067,kutek
3068,hayoooooo
3069,botol
3070,nail
3071,polish
3072,yahhhh
3073,gans
3074,fantastic
3075,kelipatan
3076,pic
3077,emba
3078,__
3079,hayuuk
3080,efek
3081,bath
3082,works
3083,warm
3084,vanilla
3085,sugar
3086,ena
3087,sumpit
3088,wkt
3089,makanya
3090,yalord
3091,trnyt
3092,kawe
3093,jdnya
3094,wanginya
3095,gaenak
3096,pengabdi
3097,give
3098,away
3099,manfaatin
3100,pemberontakan
3101,petani
3102,banten
3103,sartono
3104,kartodirjo
3105,mood
3106,under
3107,mercedes
3108,benz
3109,arcgis
3110,personal
3111,license
3112,gisweek_id
3113,tepat
3114,cermat
3115,yomart
3116,lomba
3117,mommy
3118,match
3119,ova
3120,children
3121,wear
3122,dasar
3123,moms
3124,tetiba
3125,yallah
3126,galau
3127,sehun
3128,termasuk
3129,balkon
3130,reguler
3131,vvip
3132,platinum
3133,faisal
3134,synnara
3135,baik
3136,mizanstore
3137,menyesal
3138,takan
3139,arti
3140,bros
3141,dagu
3142,liontin
3143,huruf
3144,harag
3145,skala
3146,gadiskon
3147,gasampe
3148,kyk
3149,chanel
3150,movie
3151,olahraga
3152,berita
3153,religi
3154,lifestyle
3155,transvision
3156,toren
3157,remember
3158,gloskin
3159,supanova
3160,advanced
3161,filler
3162,restylane
3163,lyft
3164,or
3165,vital
3166,light
3167,disc
3168,cc
3169,menang
3170,honda
3171,club
3172,bertanda
3173,trio
3174,seorangpun
3175,berpaling
3176,menatap
3177,membuka
3178,berisikan
3179,perkenalan
3180,menguntungkan
3181,pengambilan
3182,bukuku
3183,postcard
3184,mengikuti
3185,preordernya
3186,menghubungi
3187,fino
3188,wilayah
3189,tangerang
3190,bekasi
3191,membutuhkannya
3192,bus
3193,hello
3194,bottle
3195,kaca
3196,sarung
3197,saringan
3198,komplit
3199,yaaah
3200,mempunyai
3201,saringat
3202,bagian
3203,nyaaa
3204,year
3205,end
3206,fitplus
3207,ceria
3208,dikirimin
3209,inbox
3210,catatan
3211,kurangi
3212,dadakan
3213,pokok
3214,seminggu
3215,mubazir
3216,berlebihan
3217,busuk
3218,bekal
3219,higienis
3220,hindari
3221,gengsi
3222,usah
3223,gaya
3224,kekinian
3225,rapi
3226,bu
3227,eror
3228,nike
3229,court
3230,royal
3231,grey
3232,bnib
3233,retail
3234,nt
3235,donut
3236,house
3237,scenario
3238,weight
3239,dimension
3240,length
3241,width
3242,height
3243,pieces
3244,ikoma
3245,telp
3246,nb
3247,memberikan
3248,menaikkan
3249,terlebih
3250,dahulu
3251,diri
3252,aneka
3253,atom
3254,tahap
3255,ba
3256,pakaian
3257,partai
3258,unit
3259,dimas
3260,adhitya
3261,melayani
3262,cleanser
3263,toner
3264,cosrx
3265,cetaphil
3266,senka
3267,oiya
3268,th
3269,referral
3270,ku
3271,noraakjvvq
3272,evalube
3273,persamaannya
3274,taun
3275,ramenya
3276,anjing
3277,ngabarin
3278,malem
3279,bales
3280,ckck
3281,makna
3282,google
3283,menelusuri
3284,kompleksitas
3285,suresh
3286,mylavarapu
3287,tommy
3288,wikonian
3289,sambangi
3290,hhhhhhjirrr
3291,tdnya
3292,pastinya
3293,anggaran
3294,direncanakan
3295,tergiur
3296,gelap
3297,friska
3298,khimar
3299,ameerah
3300,ameerahnya
3301,farmers
3302,market
3303,harapan
3304,pembelanjaan
3305,mar
3306,dimanasihh
3307,godain
3308,udahdihujat
3309,riya
3310,au
3311,serut
3312,bucket
3313,bag
3314,selempang
3315,korean
3316,ramai
3317,playstation
3318,pse
3319,gameshop
3320,sydneypools
3321,as
3322,kop
3323,kepala
3324,ekor
3325,control
3326,invest
3327,donlot
3328,appnya
3329,akuu
3330,harinya
3331,high
3332,heels
3333,profiklan
3334,iklanonlineshop
3335,sopan
3336,seribu
3337,rupiah
3338,thx
3339,racun
3340,menggoda
3341,klw
3342,terlambat
3343,segel
3344,pasokan
3345,adil
3346,maskapai
3347,pengunjung
3348,eco
3349,elshinta
3350,terbatas
3351,amankan
3352,semi
3353,annual
3354,aksesoris
3355,kotamu
3356,pelangsing
3357,abc
3358,dokumentasi
3359,video
3360,tiketcom
3361,sistemnya
3362,diminati
3363,jogger
3364,premium
3365,evo
3366,jakcloth
3367,solo
3368,hahah
3369,nafsu
3370,lbh
3371,dri
3372,pd
3373,cwo
3374,ganteng
3375,wajib
3376,tonton
3377,salim
3378,promosiin
3379,vs
3380,dana
3381,ayuk
3382,obral
3383,teruss
3384,ride
3385,menteri
3386,bocer
3387,terpakai
3388,farish
3389,stnk
3390,trims
3391,mencintaimu
3392,pringles
3393,kepada
3394,sendal
3395,jepit
3396,elegant
3397,dianatara
3398,hils
3399,dowoon
3400,tossa
3401,sayur
3402,gas
3403,masangin
3404,bandrol
3405,petenya
3406,langganan
3407,dy
3408,buibu
3409,sibuk
3410,ngegame
3411,unruk
3412,rewards
3413,epicentrum
3414,malaysia
3415,bel
3416,xml
3417,pencinta
3418,veteran
3419,berikan
3420,masak
3421,yong
3422,kirin
3423,sanken
3424,flix
3425,kettle
3426,chips
3427,bioskop
3428,perdana
3429,xl
3430,xtra
3431,fun
3432,indomaret
3433,stand
3434,ibox
3435,ab
3436,diklikaja
3437,pangeran
3438,luur
3439,anggep
3440,abel
3441,cantika
3442,ultima
3443,distro
3444,grade
3445,spesifikasi
3446,cotton
3447,combed
3448,diincar
3449,mupeng
3450,hdd
3451,tb
3452,file
3453,tertata
3454,hard
3455,disk
3456,sinyal
3457,penuh
3458,dijangkau
3459,didapatkan
3460,book
3461,impor
3462,nonstop
3463,gedung
3464,kedatanganmu
3465,sarangku
3466,wolfies
3467,tsm
3468,detilnya
3469,elfiraxfunwdx
3470,redemption
3471,penukaran
3472,gamiles
3473,fest
3474,map
3475,pertamina
3476,pelumas
3477,lubricants
3478,memanjakan
3479,enduro
3480,yakni
3481,posses
3482,sabar
3483,takut
3484,dikemas
3485,bookmanias
3486,jelang
3487,kpg
3488,washing
3489,pemesanannya
3490,tanyakan
3491,see
3492,wait
3493,jogja
3494,notifikasi
3495,tergugah
3496,timnas
3497,itungan
3498,fresh
3499,selesai
3500,ngambek
3501,katalogpromosi
3502,rekening
3503,ponsel
3504,keuntungan
3505,menangin
3506,wheel
3507,fortune
3508,narsis
3509,photobooth
3510,ramein
3511,spao
3512,sailormoon
3513,harpot
3514,entaran
3515,dih
3516,digratiskan
3517,pekerjaan
3518,fatal
3519,darurat
3520,membaca
3521,dibacanya
3522,tomkiners
3523,tomkins
3524,ramayana
3525,venom
3526,seeker
3527,wexler
3528,rabbit
3529,phoenix
3530,artikel
3531,mungkin
3532,lapak
3533,adain
3534,maybank
3535,devon
3536,caf
3537,coca
3538,suki
3539,betul
3540,sekonsumtif
3541,ajaa
3542,sikattt
3543,lagiiiii
3544,ksh
3545,tegal
3546,ndeso
3547,ig
3548,dimensi
3549,dilengkapi
3550,ips
3551,hd
3552,fullvision
3553,bonusnya
3554,handbody
3555,harumnya
3556,lembut
3557,wangi
3558,yuuk
3559,peringati
3560,hkn
3561,prodia
3562,blitar
3563,kentang
3564,kabar
3565,ocbc
3566,uob
3567,fortuner
3568,trd
3569,disel
3570,tdp
3571,puluhan
3572,melalukan
3573,judul
3574,lipstick
3575,blackpink
3576,story
3577,penulis
3578,inkarnadine
3579,normalnya
3580,photocard
3581,print
3582,nipu
3583,akunnya
3584,keds
3585,buyget
3586,senang
3587,_
3588,shoes
3589,bakar
3590,kuah
3591,sambelnya
3592,gausah
3593,sayurnya
3594,rambaknya
3595,bungkus
3596,dibungkus
3597,bulat
3598,ragam
3599,salad
3600,soup
3601,tutup
3602,santap
3603,disediakan
3604,facial
3605,foam
3606,kemudian
3607,koh
3608,kopi
3609,gayo
3610,terbang
3611,aceh
3612,dualitas
3613,coffee
3614,tambah
3615,tinggi
3616,peningginya
3617,akui
3618,sbg
3619,_kalsium
3620,dunia_
3621,langsing
3622,lipstik
3623,colour
3624,unlimited
3625,sehari
3626,dipoles
3627,neeeehh
3628,serasi
3629,pasangan
3630,mengusung
3631,konsep
3632,kaki
3633,lima
3634,gandaria
3635,bigmate
3636,pribadi
3637,kickfest
3638,diriku
3639,hebat
3640,permatame
3641,kjsm
3642,man
3643,breif
3644,gtk
3645,diluar
3646,hujan
3647,deres
3648,tbtb
3649,bos
3650,telfon
3651,disitu
3652,inputan
3653,msh
3654,santai
3655,pak
3656,disni
3657,smsin
3658,p
3659,g
3660,great
3661,jutaan
3662,benci
3663,pamer
3664,caranya
3665,rundown
3666,kickstherules
3667,enjoy
3668,monday
3669,share
3670,jumpa
3671,daftarkan
3672,don
3673,franchise
3674,fee
3675,memilki
3676,usaha
3677,peluang
3678,meringankan
3679,beban
3680,ilotte
3681,page
3682,upnormal
3683,kasir
3684,sociolla
3685,tangkap
3686,maskot
3687,mainkan
3688,games
3689,merchants
3690,stores
3691,serunya
3692,eniesqgjyix
3693,pro
3694,makelar
3695,produsen
3696,roda
3697,beragam
3698,skin
3699,care
3700,vitamin
3701,kencantikan
3702,kesehatan
3703,karanganyar
3704,indiva
3705,sampek
3706,tumpah
3707,befree
3708,tour
3709,rainy
3710,wisata
3711,menggenang
3712,walden
3713,henry
3714,david
3715,thoreau
3716,memoar
3717,kegelapan
3718,ngalir
3719,swing
3720,alihkan
3721,pesona
3722,hr
3723,berjalan
3724,contoh
3725,surprise
3726,win
3727,celebrasia
3728,veggie
3729,stick
3730,dapurhijau
3731,camilan
3732,non
3733,msg
3734,pengawet
3735,gula
3736,garam
3737,gluten
3738,pack
3739,dst
3740,kemesraan
3741,janganlah
3742,berlalu
3743,mungutin
3744,bluechip
3745,pengumuman
3746,menghitung
3747,install
3748,sate
3749,giga
3750,serang
3751,sdr
3752,kerabat
3753,rekanan
3754,upload
3755,fb
3756,masyaolo
3757,kelebihan
3758,jeff
3759,siapp
3760,rumusan
3761,maut
3762,bbfs
3763,casino
3764,nationd
3765,wajar
3766,mengundang
3767,hasrat
3768,lalalaway
3769,keep
3770,nak
3771,mantan
3772,anaknya
3773,kao
3774,contreng
3775,merah
3776,tokped
3777,malahan
3778,kavling
3779,bangun
3780,tengah
3781,blora
3782,lebar
3783,meter
3784,citraindah
3785,marketing
3786,keunggulan
3787,touch
3788,bar
3789,intel
3790,core
3791,diskonvans
3792,packable
3793,oldskool
3794,blu
3795,blues
3796,racing
3797,vnaysyjcg
3798,spektra
3799,halloooo
3800,warga
3801,rantau
3802,prapat
3803,seruan
3804,re
3805,suzuya
3806,bertabur
3807,rizky
3808,ridho
3809,gan
3810,tkp
3811,informa
3812,mascaranya
3813,kejutannya
3814,mahir
3815,quran
3816,hadits
3817,ala
3818,ponpes
3819,ektubu
3820,segar
3821,saranin
3822,belanjanya
3823,tukerin
3824,ude
3825,dateng
3826,bedua
3827,ama
3828,konsul
3829,teros
3830,liatin
3831,specs
3832,running
3833,dual
3834,true
3835,white
3836,unisex
3837,lele
3838,penyet
3839,es
3840,membahas
3841,bullying
3842,tersebut
3843,ialah
3844,secangkir
3845,bully
3846,ditulis
3847,paresma
3848,elvigro
3849,bukalapak
3850,makasih
3851,nex
3852,ii
3853,hock
3854,oven
3855,stainless
3856,steel
3857,adira
3858,autocilin
3859,ganjar
3860,gaiss
3861,fyi
3862,beat
3863,vario
3864,janjian
3865,katalognya
3866,karaokean
3867,barangkali
3868,tbs
3869,kaget
3870,japanese
3871,cherry
3872,blossom
3873,yawda
3874,archipelago
3875,membership
3876,aston
3877,tanjungpinang
3878,conference
3879,fitur
3880,tar
3881,nyawa
3882,postingannya
3883,next
3884,bunga
3885,euy
3886,keur
3887,bray
3888,bolehin
3889,togamas
3890,kotabaru
3891,kongkow
3892,perpanjang
3893,lemari
3894,suda
3895,missqueen
3896,termakan
3897,omongan
3898,madzhab
3899,terpisah
3900,mencapai
3901,terimakasih
3902,userrpakrhacmb
3903,h
3904,versi
3905,tenant
3906,kemasan
3907,gelas
3908,starbak
3909,tumblernya
3910,ehehe
3911,yall
3912,our
3913,loyal
3914,customers
3915,lovely
3916,pet
3917,keanggotan
3918,juaro
3919,alc
3920,motif
3921,pinned
3922,rebajas
3923,lois
3924,tuk
3925,lewati
3926,lorong
3927,sempit
3928,hamtaro
3929,berlari
3930,senangi
3931,diapain
3932,havaianas
3933,akal
3934,seminyak
3935,start
3936,printer
3937,wkwkwkkwkw
3938,dibutuhn
3939,yo
3940,lotus
3941,seed
3942,dates
3943,dibuat
3944,perpaduan
3945,hidangan
3946,dessert
3947,lezat
3948,temani
3949,resepnya
3950,hidangkan
3951,hanget
3952,ngantor
3953,kasablanka
3954,peta
3955,bean
3956,sesudah
3957,sleepsuit
3958,gemes
3959,gemass
3960,vrz
3961,innova
3962,v
3963,mt
3964,grab
3965,pojokan
3966,mayaaaaaaaan
3967,sempat
3968,bangga
3969,prestasi
3970,dosa
3971,dahulukan
3972,sisanya
3973,ditabung
3974,guna
3975,keperluan
3976,ngirit
3977,belinyapun
3978,manfaatnya
3979,bkn
3980,terpatok
3981,gayaan
3982,wkwkw
3983,gembar
3984,gembor
3985,shake
3986,badai
3987,colek
3988,level
3989,sambil
3990,hp
3991,balesin
3992,ngitungin
3993,bertanya
3994,seorang
3995,puan
3996,belakang
3997,des
3998,pendant
3999,sebel
4000,napa
4001,geoff
4002,max
4003,menolak
4004,fasternet
4005,gadis
4006,nael
4007,menggelengkan
4008,kepalanya
4009,mencoba
4010,kiri
4011,kanan
4012,salut
4013,ngucapin
4014,kemilau
4015,menangkan
4016,pocari
4017,tenggorokannya
4018,batch
4019,berikutnya
4020,skor
4021,lulus
4022,tdi
4023,kurang
4024,grilled
4025,pork
4026,fave
4027,suatu
4028,perusahaan
4029,joran
4030,dsj
4031,pertanda
4032,decline
4033,stag
4034,baek
4035,what
4036,susi
4037,kek
4038,mengemas
4039,sejumlah
4040,shuttle
4041,pantes
4042,weh
4043,instal
4044,apk
4045,ando
4046,herbal
4047,jualank
4048,assalamualaikum
4049,shampoo
4050,ketombe
4051,rosehip
4052,beautyhaul
4053,semesta
4054,mendukung
4055,bersliweran
4056,yodaah
4057,deeh
4058,kelar
4059,payday
4060,hindarkanlah
4061,hamba
4062,yuuuhuuu
4063,bc
4064,favorite
4065,superrrr
4066,muraah
4067,asti
4068,mursugeng
4069,santi
4070,majid
4071,beby
4072,nadine
4073,erni
4074,providerku
4075,monbebe
4076,kujadikan
4077,cindyhxltwn
4078,ton
4079,keadaan
4080,thread
4081,berbelaja
4082,siangnya
4083,dikomporin
4084,emoney
4085,edition
4086,malemnya
4087,giveaway
4088,hae
4089,tergoda
4090,bpn
4091,interview
4092,blanja
4093,hrdnya
4094,kiw
4095,second
4096,ganiat
4097,marah
4098,sebenernya
4099,keliatan
4100,panjang
4101,gilo
4102,ukurannya
4103,sadar
4104,diitung
4105,innes
4106,tangga
4107,gamau
4108,repot
4109,goes
4110,points
4111,ngumpulin
4112,bsa
4113,pdahal
4114,penhem
4115,gada
4116,caramell
4117,machiato
4118,rumahnya
4119,sangad
4120,unvr
4121,sebar
4122,finance
4123,kontruksi
4124,berfikir
4125,duid
4126,xxx
4127,astagfirullah
4128,asiq
4129,pikir
4130,menggerutu
4131,minimarket
4132,bapake
4133,perantauan
4134,news
4135,yuuks
4136,cuuus
4137,loooo
4138,voucer
4139,looo
4140,koreanya
4141,huhuu
4142,pgn
4143,nii
4144,panwink
4145,seramai
4146,antusias
4147,bazar
4148,international
4149,lokasinya
4150,bandara
4151,polonia
4152,andromeda
4153,identik
4154,biasaya
4155,ibuk
4156,cewek
4157,lofriends
4158,information
4159,lottemart
4160,lakupon
4161,selasa
4162,cimb
4163,niaga
4164,idm
4165,masker
4166,mediheal
4167,bts
4168,tuhh
4169,diangkut
4170,kuliat
4171,mama
4172,ngirimin
4173,dikirain
4174,dibeliin
4175,forward
4176,tmnnya
4177,sigh
4178,cece
4179,titip
4180,meme
4181,bokek
4182,bunyi
4183,senenganmu
4184,sing
4185,bahane
4186,yowes
4187,penyakit
4188,guy
4189,lol
4190,jy
4191,collection
4192,hand
4193,importir
4194,berdomisili
4195,batam
4196,import
4197,stylenya
4198,musim
4199,tipis
4200,atm
4201,digit
4202,beliiiii
4203,duck
4204,wih
4205,luuur
4206,ntap
4207,digaaaas
4208,buset
4209,saling
4210,laknat
4211,abs
4212,aaaa
4213,wilver
4214,pst
4215,okee
4216,skrng
4217,wilove
4218,edisi
4219,senyum
4220,yhaaaa
4221,nggaya
4222,rek
4223,pesankan
4224,stocknya
4225,menipis
4226,segini
4227,lipensetip
4228,duitku
4229,wintra
4230,citra
4231,axeza
4232,team
4233,kampus
4234,lirik
4235,jicucu
4236,idah
4237,tomica
4238,auldey
4239,selling
4240,hasut
4241,danilla
4242,hivi
4243,dominos
4244,carte
4245,pasta
4246,ehhmmm
4247,entuk
4248,ki
4249,kygo
4250,nof
4251,live
4252,jiexpo
4253,nextnya
4254,nuna
4255,ogah
4256,setau
4257,wegu
4258,offline
4259,sarana
4260,ngukur
4261,sikil
4262,bersahabat
4263,curiga
4264,kafir
4265,resep
4266,omelet
4267,spanyol
4268,dirumah
4269,tambahkan
4270,sosis
4271,recipe
4272,ribet
4273,luang
4274,spicy
4275,cita
4276,lada
4277,sebentar
4278,sausage
4279,dikala
4280,lapar
4281,buatnya
4282,fadli
4283,hayoooo
4284,detik
4285,bandingin
4286,jamaah
4287,hasanah
4288,berfungsi
4289,sbagai
4290,keberangkatan
4291,sekaligus
4292,sbgai
4293,alumni
4294,deek
4295,ooobaiklah
4296,fajar
4297,daihatsu
4298,dajal
4299,pawang
4300,request
4301,f
4302,ikuti
4303,ehh
4304,keliling
4305,bangkrut
4306,shireen
4307,cuco
4308,dusta
4309,diantara
4310,pijat
4311,arin
4312,peringatan
4313,sureprise
4314,hmmm
4315,lhoo
4316,pacar
4317,inii
4318,sekedar
4319,hedon
4320,makannya
4321,hedeh
4322,kenyang
4323,seharian
4324,kayaknya
4325,berpergian
4326,prize
4327,ayla
4328,donk
4329,fila
4330,quality
4331,kaku
4332,dеngаn
4333,amazone
4334,optik
4335,lensa
4336,frame
4337,bosenan
4338,orangnya
4339,pacific
4340,place
4341,skincares
4342,nin
4343,boom
4344,tempatnya
4345,parkiran
4346,shopaholic
4347,jims
4348,honey
4349,terniat
4350,dipengujung
4351,miper
4352,gapake
4353,wkwkk
4354,garden
4355,dimsum
4356,cung
4357,ketce
4358,rebuu
4359,bru
4360,repan
4361,pda
4362,bgus
4363,nahan
4364,minyak
4365,wjh
4366,shit
4367,just
4368,remembered
4369,abt
4370,too
4371,like
4372,anytime
4373,ngejar
4374,im
4375,even
4376,sure
4377,though
4378,fr
4379,temenmu
4380,rencana
4381,rabbi
4382,pim
4383,layanan
4384,kulit
4385,keringnya
4386,pamela
4387,henbodi
4388,nemu
4389,baunya
4390,lembabin
4391,ati
4392,senggang
4393,kesana
4394,siapkan
4395,important
4396,bisnis
4397,yokk
4398,investasinya
4399,pebisnis
4400,penghasilan
4401,investasi
4402,semudah
4403,grill
4404,night
4405,cityhall
4406,serviced
4407,residences
4408,oya
4409,mantengin
4410,tahuuuu
4411,gaessss
4412,ngegrab
4413,rentan
4414,cancel
4415,setoran
4416,promoin
4417,winter
4418,sgm
4419,eksplor
4420,sri
4421,dkt
4422,rivan
4423,vin
4424,aoriramen
4425,oppa
4426,riri
4427,hyun
4428,yakan
4429,cekak
4430,youu
4431,bubbbz
4432,dita
4433,tq
4434,jangankan
4435,kenneth
4436,tersenyum
4437,puas
4438,mendengar
4439,persetujuan
4440,lintang
4441,setidaknya
4442,sense
4443,miliknya
4444,seburuk
4445,kira
4446,diliriknya
4447,pria
4448,menggigit
4449,bawahnya
4450,possess
4451,eclat
4452,amazing
4453,wihh
4454,emporio
4455,armani
4456,glam
4457,him
4458,lacoste
4459,challenge
4460,banteniklan
4461,perlengkapan
4462,mom
4463,kids
4464,lsg
4465,kubeli
4466,penjelasanya
4467,midnight
4468,ska
4469,huft
4470,gasido
4471,hm
4472,bnke
4473,asli
4474,kacanya
4475,endorse
4476,demi
4477,wkwkwkwkw
4478,likes
4479,stiker
4480,kulkas
4481,design
4482,jdi
4483,senengin
4484,tempatku
4485,bekale
4486,ekonomis
4487,gr
4488,kotak
4489,membiarkan
4490,hangus
4491,ceng
4492,pb
4493,ealah
4494,pukis
4495,jebul
4496,mung
4497,ngarep
4498,kebiasaan
4499,sheet
4500,mask
4501,kerupuk
4502,ehehehehehe
4503,carissa
4504,quail
4505,diamond
4506,crepe
4507,idr
4508,ldr
4509,luqi
4510,stokwarna
4511,emerald
4512,bahkan
4513,gi
4514,maskara
4515,terdengar
4516,suara
4517,lirih
4518,acc
4519,canmake
4520,offlinenya
4521,duhhh
4522,mohon
4523,ketidaknyamanannya
4524,berkala
4525,hoo
4526,gile
4527,input
4528,kasus
4529,membuatku
4530,puseng
4531,misalnya
4532,disimpulkan
4533,worth
4534,menurutku
4535,kulitku
4536,rating
4537,khasiatnya
4538,ampuh
4539,bentuk
4540,sheetnya
4541,kemungkinan
4542,wf
4543,admin
4544,holikaholika
4545,kecewa
4546,gajadi
4547,enakan
4548,digojek
4549,lotte
4550,mart
4551,kangen
4552,york
4553,disajikan
4554,diantaranya
4555,gaada
4556,pa
4557,airbnb
4558,petualangan
4559,untuj
4560,mon
4561,hampir
4562,seyuta
4563,dibroadcast
4564,material
4565,atuh
4566,kar
4567,storenya
4568,brew
4569,kmren
4570,lakik
4571,gopek
4572,garena
4573,shell
4574,denom
4575,gamers
4576,playstore
4577,timeline
4578,monita
4579,bdg
4580,flat
4581,syal
4582,gantungan
4583,kacamata
4584,kulot
4585,lawasan
4586,senen
4587,syahira
4588,lurik
4589,push
4590,drama
4591,msuk
4592,drapery
4593,top
4594,sandria
4595,kost
4596,syari
4597,islami
4598,guesthouse
4599,harian
4600,mingguan
4601,perbulan
4602,perhari
4603,jtan
4604,mandi
4605,almari
4606,raysha
4607,ajusie
4608,ultra
4609,people
4610,sabtu
4611,rencanain
4612,ancol
4613,perorang
4614,micellar
4615,water
4616,garnier
4617,togelwd
4618,datengg
4619,hamdallah
4620,lengan
4621,ealahh
4622,sapa
4623,jadiin
4624,satpam
4625,katrok
4626,nyali
4627,gituan
4628,diobral
4629,tulisannya
4630,melembutkan
4631,pikiran
4632,tubuh
4633,jiwa
4634,dirimuuuu
4635,yuukkkk
4636,pesanan
4637,dikirimkan
4638,lhohhh
4639,buruaannnnn
4640,eat
4641,easy
4642,snk
4643,suzuki_bdg
4644,kedapetan
4645,daan
4646,federal
4647,jatiasih
4648,rpjt
4649,handcarry
4650,bromidenya
4651,ajak
4652,memb
4653,bertiga
4654,box
4655,odol
4656,dom
4657,dibalik
4658,percayalah
4659,babak
4660,belur
4661,syopi
4662,warunk
4663,setiaphari
4664,semalam
4665,memikirkan
4666,kreditan
4667,simpan
4668,dompetku
4669,berkata
4670,zakir
4671,pengantar
4672,bahasa
4673,jco
4674,dozen
4675,donuts
4676,jakon
4677,sponge
4678,indomart
4679,darling
4680,sebelomnya
4681,dicover
4682,ituh
4683,morning
4684,yeay
4685,nyantai
4686,yuukk
4687,naksir
4688,dehh
4689,alias
4690,maei
4691,kaiexpo
4692,mengelus
4693,lihatnya
4694,sesekali
4695,tuit
4696,renovasi
4697,konstruksi
4698,baja
4699,sipil
4700,sudahkah
4701,jpvt
4702,rasakan
4703,support
4704,bbm
4705,dbdba
4706,fairplay
4707,electronic
4708,deal
4709,lapis
4710,malang
4711,batu
4712,hiburan
4713,cosplay
4714,kpop
4715,pound
4716,gram
4717,class
4718,goldmart
4719,supermal
4720,karawaci
4721,palapa
4722,ul
4723,eropa
4724,inggris
4725,tega
4726,kadaluarsa
4727,yay
4728,oct
4729,dikirim
4730,shahabiyah
4731,nabi
4732,syaikh
4733,mahmud
4734,mishri
4735,penerbit
4736,ummul
4737,qura
4738,dibelakang
4739,reer
4740,based
4741,konpers
4742,apbn
4743,kendali
4744,menrulnnya
4745,tensi
4746,perang
4747,dagang
4748,us
4749,china
4750,diproyeksikan
4751,mmbuat
4752,rate
4753,terkoreksi
4754,country
4755,fundamental
4756,still
4757,strong
4758,its
4759,time
4760,bursa
4761,stl
4762,english
4763,active
4764,communication
4765,hade
4766,pukkimak
4767,menjebak
4768,kenyataannya
4769,hrs
4770,tdk
4771,teliti
4772,byr
4773,marketplace
4774,josss
4775,overall
4776,transera
4777,menunjukkan
4778,februari
4779,anniversary
4780,bubur
4781,sekalinya
4782,jadwal
4783,tglnya
4784,memungkinkan
4785,ertiga
4786,sensacion
4787,shower
4788,kelembaban
4789,specia
4790,please
4791,slimfit
4792,cipeundeuy
4793,mati
4794,sib
4795,persyaratan
4796,mendingan
4797,byk,banyak
4798,tyda,tidak
4799,gabisa
4800,peuldinim
4801,delisa
4802,mermaid
4803,hhhhhhhh,sedih
4804,faedahnya
4805,untk
4806,kedepan
4807,setahun
4808,anakmu
4809,cerah
4810,secerah
4811,saudaraku
4812,tuneeca
4813,nan
4814,menawan
4815,hadirkan
4816,tuhhh
4817,tjolomadoe
4818,mamoir
4819,piero
4820,trade
4821,bertemu
4822,ayoooo,ayo
4823,adaaaaaaaa,ada
4824,hancap
4825,wkk
4826,kuy
4827,qt
4828,bwt
4829,pejuang
4830,pendidikan
4831,smp,sampai
4832,materiny,materi
4833,perjuangan
4834,ngejarny,kejar
4835,doi
4836,tasya
4837,maaaaakk,ibu
4838,maaakk,ibu
4839,jilbab
4840,mak
4841,bagaikan
4842,aahhh
4843,enaknya
4844,goler
4845,kasur
4846,kasurnya
4847,sarah
4848,alfacart
4849,sby,surabaya
4850,mantaaab,mantap
4851,antlantis
4852,lahir
4853,wkwkwkw,ketawa
4854,sevgili
4855,kardesim
4856,nambahin
4857,followers
4858,cyin
4859,ofc,tentu
4860,followan
4861,peka
4862,dn
4863,upfoll
4864,bot
4865,hack
4866,lavender
4867,diorder
4868,miring
4869,maret
4870,berujung
4871,yayaya,ya
4872,sofa
4873,seater
4874,milleage
4875,meramaikan
4876,maaciwww
4877,sukanya
4878,kantin
4879,nikmatnya
4880,disforia
4881,inersia
4882,tulis
4883,dipesan
4884,memesan
4885,url
4886,dokter
4887,badannya
4888,dok
4889,okay
4890,penasaran
4891,nebak
4892,jujur
4893,iso
4894,ae
4895,goleki
4896,evan
4897,private
4898,estate
4899,starlight
4900,bls
4901,scrollnya
4902,tai
4903,cowok
4904,pilihannya
4905,selera
4906,babi
4907,wowwww,wow
4908,yasmin
4909,hematttt
4910,lengkapi
4911,jadiii
4912,periodenya
4913,jugaaaa
4914,hiatus
4915,literasi
4916,keduaku
4917,collab
4918,ilustrasinya
4919,ulasan
4920,mendalam
4921,ttg,tentang
4922,lagu
4923,pied
4924,piper
4925,perth
4926,harimau
4927,blouse
4928,bahannya
4929,batin
4930,fannov
4931,fannovk
4932,luxury
4933,pinterest
4934,tadinya
4935,dibawahnya
4936,semenjak
4937,ecommerce
4938,hemphh
4939,hingfa
4940,hapenya
4941,garansi
4942,distributor
4943,powerbanknya
4944,autumn
4945,agustus
4946,januari
4947,mbaa,ibu
4948,diskonnyaaaaa,diskon
4949,kurus
4950,essence
4951,medihealnya
4952,perbedaan
4953,pep
4954,hy
4955,inspirasi
4956,kompas
4957,crystal
4958,jade
4959,idrk
4960,epromo
4961,ngeles,alasan
4962,ahok
4963,vonis
4964,thn,tahun
4965,prabowo
4966,penjara
4967,kecuali
4968,corporate
4969,diuangkan
4970,dept
4971,cont
4972,terlengkap
4973,manjain
4974,fiestapoin
4975,dine
4976,bpk
4977,rian
4978,sbb
4979,manggis
4980,cen
4981,lek,kalau
4982,wes,sudah
4983,iku,itu
4984,gae,dibuat
4985,hhmm,hmm
4986,idea,ide
4987,nego
4988,maleficentnya
4989,ksih
4990,uninstall
4991,jdid
4992,move
4993,lhoooo,lho
4994,saiki
4995,mengantiiii
4996,kombes
4997,brt,berarti
4998,koridor
4999,iii
5000,menyarankan
5001,nunjukin
5002,sekolah
5003,belinyaa
5004,dimaanaa
5005,opp
5006,road
5007,rayainnya
5008,terpotong
5009,proses
5010,sg
5011,feb
5012,wekawekaweka,ketawa
5013,laahh,lah
5014,olih
5015,namba
5016,nganyang
5017,besooooook,besok
5018,banded
5019,doorprize
5020,numplek
5021,dilewatin
5022,surya
5023,kehilangan
5024,hak
5025,terjadi
5026,gangguan
